latitude,longitude,bright_ti4,bright_ti5,thermal_difference,frp,frp_log,confidence_score,hour,day_of_week,day_of_year,detection_count,days_detected,avg_frp,max_frp,persistence,ml_prediction,anomaly_score,ml_anomaly,ml_status,nearby_detections_5km,nearby_recurring_5km,nearby_persistent_5km,nearby_avg_frp,local_activity,target
8.42284,80.19805,333.02,290.25,42.76999999999998,3.15,1.423108334242607,0.66,7,1,237,1,1,3.15,3.15,Transient,1,0.3738226050315086,False,Normal Thermal Pattern,11,0,0,7.163636363636363,High Local Thermal Density,Agricultural Burning
10.77575,78.88298,305.38,283.61,21.769999999999985,1.6,0.9555114450274363,0.66,20,1,237,1,1,1.6,1.6,Transient,1,0.4610941359065222,False,Normal Thermal Pattern,1,0,0,2.77,Isolated Thermal Activity,Agricultural Burning
11.26698,80.00464,305.21,275.28,29.930000000000007,1.48,0.9082585601768908,0.66,20,1,237,6,6,3.0966666666666662,7.53,Recurring,-1,0.6053457100421219,True,ML Anomaly,5,5,0,3.4199999999999995,Recurring Local Activity,Agricultural Burning
12.2171,79.00295,299.01,272.29,26.71999999999997,0.9,0.6418538861723948,0.66,20,1,237,1,1,0.9,0.9,Transient,1,0.5276584769654269,False,Normal Thermal Pattern,0,0,0,,Isolated Thermal Activity,Agricultural Burning
12.91749,79.11784,304.36,281.42,22.94,0.7,0.5306282510621704,0.66,20,1,237,1,1,0.7,0.7,Transient,1,0.5047406711487488,False,Normal Thermal Pattern,0,0,0,,Isolated Thermal Activity,Agricultural Burning
8.47969,80.36192,332.81,284.05,48.75999999999999,10.08,2.405141681319138,0.66,7,2,238,2,1,10.26,10.44,Transient,1,0.4306939669098674,False,Normal Thermal Pattern,9,4,0,7.78888888888889,Recurring Local Activity,Industrial Fire
8.48021,80.36486,355.46,283.93,71.52999999999997,10.44,2.437115985951652,0.33,7,2,238,2,1,10.26,10.44,Transient,-1,0.5718001588908131,True,ML Anomaly,10,5,0,7.250000000000002,Recurring Local Activity,Industrial Fire
8.84246,80.37051,367.0,290.49,76.50999999999999,7.96,2.192770226986839,1.0,7,2,238,1,1,7.96,7.96,Transient,-1,0.5813878484090932,True,ML Anomaly,3,0,0,5.123333333333334,Isolated Thermal Activity,Agricultural Burning
8.9117,80.47472,338.16,289.9,48.26000000000005,11.6,2.533696813957432,0.66,7,2,238,1,1,11.6,11.6,Transient,1,0.4206465451517143,False,Normal Thermal Pattern,7,2,0,8.512857142857142,Recurring Local Activity,Industrial Fire
9.23741,80.32394,332.77,290.25,42.51999999999998,1.76,1.0152306797290584,0.66,7,2,238,1,1,1.76,1.76,Transient,1,0.4092531258657872,False,Normal Thermal Pattern,2,0,0,3.97,Isolated Thermal Activity,Agricultural Burning
9.27424,80.15481,330.55,289.88,40.670000000000016,2.74,1.3190856114264409,0.66,7,2,238,1,1,2.74,2.74,Transient,1,0.3796192342524258,False,Normal Thermal Pattern,0,0,0,,Isolated Thermal Activity,Agricultural Burning
9.34347,80.16696,346.15,290.17,55.97999999999996,6.12,1.9629077254238845,0.66,7,2,238,1,1,6.12,6.12,Transient,1,0.4042863100461973,False,Normal Thermal Pattern,0,0,0,,Isolated Thermal Activity,Agricultural Burning
9.39075,78.88336,336.06,291.74,44.31999999999999,2.89,1.358409157630355,0.66,7,2,238,5,2,4.298,4.69,Recurring,1,0.4301564894835913,False,Normal Thermal Pattern,5,4,0,5.428,Recurring Local Activity,Agricultural Burning
9.43175,80.37721,330.8,291.89,38.910000000000025,7.51,2.1412419425852827,0.66,7,2,238,1,1,10.52,10.52,Transient,1,0.3895586103344287,False,Normal Thermal Pattern,38,2,12,7.547105263157894,Persistent Local Activity,Industrial Fire
9.44243,80.49594,331.63,293.33,38.30000000000001,5.77,1.912501086924184,0.66,7,2,238,1,1,5.77,5.77,Transient,1,0.3592787368071745,False,Normal Thermal Pattern,15,3,0,10.853333333333332,Recurring Local Activity,Agricultural Burning
9.45457,80.4912,333.31,292.57,40.74000000000001,16.03,2.834976494674597,0.66,7,2,238,3,1,17.003333333333334,18.95,Transient,1,0.4628704321758035,False,Normal Thermal Pattern,12,0,0,10.003333333333336,High Local Thermal Density,Industrial Fire
9.45557,80.49669,340.96,293.67,47.28999999999997,16.03,2.834976494674597,0.66,7,2,238,3,1,17.003333333333334,18.95,Transient,1,0.4612303537510596,False,Normal Thermal Pattern,12,0,0,10.003333333333336,High Local Thermal Density,Industrial Fire
9.45706,80.49337,343.5,293.49,50.00999999999999,18.95,2.9932291433358724,0.66,7,2,238,3,1,17.003333333333334,18.95,Transient,1,0.4821366241465084,False,Normal Thermal Pattern,12,0,0,9.760000000000003,High Local Thermal Density,Industrial Fire
10.38894,79.17622,330.34,292.83,37.50999999999999,5.0,1.791759469228055,0.66,7,2,238,1,1,5.0,5.0,Transient,1,0.3605413865868954,False,Normal Thermal Pattern,2,0,0,5.925,Isolated Thermal Activity,Agricultural Burning
11.74077,78.97653,347.16,294.02,53.14000000000004,3.99,1.6074359097634274,0.66,7,2,238,1,1,3.99,3.99,Transient,1,0.3967677726420513,False,Normal Thermal Pattern,0,0,0,,Isolated Thermal Activity,Agricultural Burning
11.7447,79.05466,333.07,295.21,37.860000000000014,1.51,0.9202827531436926,0.66,7,2,238,1,1,1.51,1.51,Transient,1,0.4011705958998846,False,Normal Thermal Pattern,0,0,0,,Isolated Thermal Activity,Agricultural Burning
11.26812,80.00212,308.67,282.57,26.100000000000023,1.51,0.9202827531436926,0.66,20,2,238,6,6,3.0966666666666662,7.53,Recurring,-1,0.5785376597715646,True,ML Anomaly,5,5,0,3.414,Recurring Local Activity,Agricultural Burning
11.80773,77.92281,307.55,279.96,27.590000000000032,1.42,0.883767540168595,0.66,20,2,238,10,5,2.316,3.41,Recurring,-1,0.5919610514507363,True,ML Anomaly,9,9,0,2.4155555555555552,Recurring Local Activity,Agricultural Burning
11.81676,77.91685,300.49,280.09,20.40000000000004,0.64,0.494696241836107,0.66,20,2,238,10,5,2.316,3.41,Recurring,-1,0.6151714611846492,True,ML Anomaly,9,9,0,2.5022222222222226,Recurring Local Activity,Agricultural Burning
9.41347,80.41784,328.41,288.67,39.74000000000001,3.85,1.5789787049493915,0.66,7,3,239,9,5,11.636666666666663,29.65,Recurring,-1,0.5530010037859636,True,ML Anomaly,56,20,12,8.6625,Persistent Local Activity,Agricultural Burning
9.08281,77.96626,331.57,294.28,37.29000000000002,3.55,1.5151272329628591,0.66,8,3,239,1,1,3.55,3.55,Transient,1,0.3531031995281536,False,Normal Thermal Pattern,0,0,0,,Isolated Thermal Activity,Agricultural Burning
9.18647,77.63859,330.03,292.53,37.5,0.83,0.6043159668533294,0.66,8,3,239,2,1,1.045,1.26,Transient,1,0.4335379782511598,False,Normal Thermal Pattern,1,0,0,1.26,Isolated Thermal Activity,Agricultural Burning
9.18691,77.63944,331.4,291.35,40.04999999999996,1.26,0.8153648132841945,0.66,8,3,239,2,1,1.045,1.26,Transient,1,0.4217814264405692,False,Normal Thermal Pattern,1,0,0,0.83,Isolated Thermal Activity,Agricultural Burning
9.20358,77.94232,343.32,296.38,46.94,4.47,1.6992786164338898,0.66,8,3,239,2,1,6.869999999999999,9.27,Transient,1,0.3693760804669401,False,Normal Thermal Pattern,1,0,0,9.27,Isolated Thermal Activity,Agricultural Burning
9.20698,77.93936,332.0,296.61,35.389999999999986,9.27,2.329227023940467,0.66,8,3,239,2,1,6.869999999999999,9.27,Transient,1,0.3726329359392002,False,Normal Thermal Pattern,1,0,0,4.47,Isolated Thermal Activity,Wildfire
9.38556,77.56399,330.37,292.71,37.660000000000025,4.92,1.7783364488959144,0.66,8,3,239,1,1,4.92,4.92,Transient,1,0.3530947308728135,False,Normal Thermal Pattern,1,0,0,3.24,Isolated Thermal Activity,Agricultural Burning
9.39247,80.4873,330.79,290.24,40.55000000000001,11.0,2.4849066497880004,0.66,8,3,239,1,1,11.0,11.0,Transient,1,0.4042303617026883,False,Normal Thermal Pattern,18,11,0,9.807222222222222,Recurring Local Activity,Industrial Fire
9.91148,78.28306,333.73,291.88,41.85000000000002,3.22,1.439835128047921,0.66,8,3,239,1,1,3.22,3.22,Transient,1,0.3611728323546502,False,Normal Thermal Pattern,0,0,0,,Isolated Thermal Activity,Agricultural Burning
10.05289,77.95028,355.42,292.05,63.370000000000005,11.04,2.488234439880675,0.66,8,3,239,1,1,11.04,11.04,Transient,1,0.4723770442801773,False,Normal Thermal Pattern,1,0,0,5.07,Isolated Thermal Activity,Wildfire
10.87824,77.60252,332.96,294.52,38.44,1.69,0.9895411936137476,0.66,8,3,239,1,1,1.69,1.69,Transient,1,0.386343215103531,False,Normal Thermal Pattern,1,0,0,7.34,Isolated Thermal Activity,Agricultural Burning
10.97389,77.72894,330.9,295.82,35.079999999999984,4.69,1.7387102481382395,0.66,8,3,239,1,1,4.69,4.69,Transient,1,0.3518145159953749,False,Normal Thermal Pattern,0,0,0,,Isolated Thermal Activity,Agricultural Burning
8.38569,80.18303,330.97,289.07,41.900000000000034,3.06,1.4011829736136414,0.66,8,4,240,2,2,2.88,3.06,Transient,1,0.3875652563028535,False,Normal Thermal Pattern,18,5,0,10.61111111111111,Recurring Local Activity,Agricultural Burning
8.49315,80.21699,334.7,291.02,43.68000000000001,5.37,1.851599469584072,0.66,8,4,240,1,1,5.37,5.37,Transient,1,0.3563681414096194,False,Normal Thermal Pattern,9,0,0,8.395555555555555,High Local Thermal Density,Agricultural Burning
8.56604,78.08351,332.18,303.65,28.53000000000003,1.94,1.0784095813505905,0.33,8,4,240,2,2,3.09,4.24,Transient,1,0.4771789513439765,False,Normal Thermal Pattern,2,0,0,3.87,Isolated Thermal Activity,Agricultural Burning
8.60504,80.46202,341.86,291.89,49.97000000000003,29.81,3.4278393126085764,0.66,8,4,240,6,2,13.891666666666666,29.81,Recurring,-1,0.579014021957816,True,ML Anomaly,10,5,0,15.573,Recurring Local Activity,Industrial Fire
8.60969,77.83566,339.17,306.85,32.31999999999999,6.03,1.9501867058225733,0.66,8,4,240,1,1,6.03,6.03,Transient,1,0.3575183410765627,False,Normal Thermal Pattern,2,0,0,6.475,Isolated Thermal Activity,Agricultural Burning
8.60984,80.46139,341.14,291.11,50.02999999999997,13.78,2.6932749155200555,0.66,8,4,240,6,2,13.891666666666666,29.81,Recurring,1,0.50528849551798,False,Normal Thermal Pattern,11,5,0,15.984545454545453,Recurring Local Activity,Industrial Fire
8.71279,77.97305,343.0,308.96,34.04000000000002,7.52,2.1424163408412245,0.66,8,4,240,1,1,7.52,7.52,Transient,1,0.3725802952791828,False,Normal Thermal Pattern,0,0,0,,Isolated Thermal Activity,Agricultural Burning
8.80825,80.01944,335.42,293.06,42.360000000000014,5.55,1.8794650496471603,0.66,8,4,240,2,1,5.654999999999999,5.76,Transient,1,0.351570722039254,False,Normal Thermal Pattern,4,0,0,3.93,Isolated Thermal Activity,Agricultural Burning
8.81104,80.01739,339.67,292.45,47.22000000000003,5.76,1.9110228900548727,0.66,8,4,240,2,1,5.654999999999999,5.76,Transient,1,0.3602583445705136,False,Normal Thermal Pattern,3,0,0,4.116666666666666,Isolated Thermal Activity,Agricultural Burning
8.85495,80.46632,341.25,293.81,47.44,7.05,2.0856720914304723,0.66,8,4,240,1,1,7.05,7.05,Transient,1,0.36292603595744,False,Normal Thermal Pattern,4,0,0,4.865,Isolated Thermal Activity,Agricultural Burning
8.86089,77.99239,337.56,308.96,28.600000000000023,3.92,1.5933085305042167,0.33,8,4,240,2,1,3.755,3.92,Transient,1,0.4434038070592535,False,Normal Thermal Pattern,2,0,0,4.449999999999999,Isolated Thermal Activity,Agricultural Burning
8.8614,77.99268,337.88,308.55,29.329999999999984,3.59,1.5238800240724537,0.33,8,4,240,2,1,3.755,3.92,Transient,1,0.4398135460548661,False,Normal Thermal Pattern,2,0,0,4.615,Isolated Thermal Activity,Agricultural Burning
8.99345,77.86612,337.63,307.56,30.07,4.63,1.728109442151599,0.66,8,4,240,1,1,4.63,4.63,Transient,1,0.3649662118637026,False,Normal Thermal Pattern,1,0,0,14.16,Isolated Thermal Activity,Agricultural Burning
9.05433,80.49529,334.06,295.79,38.26999999999998,8.53,2.254444717666111,0.66,8,4,240,1,1,8.53,8.53,Transient,1,0.3614779523886636,False,Normal Thermal Pattern,0,0,0,,Isolated Thermal Activity,Wildfire
9.06493,77.68907,340.71,305.91,34.799999999999955,4.13,1.6351056591826785,0.66,8,4,240,1,1,4.13,4.13,Transient,1,0.356579429593883,False,Normal Thermal Pattern,4,0,0,5.635,Isolated Thermal Activity,Agricultural Burning
9.0767,77.56914,338.85,306.27,32.58000000000004,4.9,1.7749523509116738,0.66,8,4,240,2,1,4.465,4.9,Transient,1,0.3544406264369035,False,Normal Thermal Pattern,1,0,0,4.03,Isolated Thermal Activity,Agricultural Burning
9.07731,77.57346,342.45,305.29,37.15999999999997,4.03,1.615419984111648,0.66,8,4,240,2,1,4.465,4.9,Transient,1,0.3576683895668167,False,Normal Thermal Pattern,1,0,0,4.9,Isolated Thermal Activity,Agricultural Burning
9.18652,77.78751,350.7,307.2,43.5,15.58,2.8081971497071487,0.66,8,4,240,1,1,15.58,15.58,Transient,1,0.4461167949538915,False,Normal Thermal Pattern,0,0,0,,Isolated Thermal Activity,Wildfire
9.26581,77.91255,344.05,295.15,48.900000000000034,5.95,1.9387416595767009,0.66,8,4,240,1,1,5.95,5.95,Transient,1,0.3651212514968741,False,Normal Thermal Pattern,2,0,0,7.535,Isolated Thermal Activity,Agricultural Burning
9.2775,78.39238,332.61,300.75,31.860000000000014,4.12,1.6331544390514163,0.66,8,4,240,3,1,4.03,4.12,Transient,1,0.3709240240441418,False,Normal Thermal Pattern,2,0,0,3.985,Isolated Thermal Activity,Agricultural Burning
9.27803,78.39629,348.85,302.26,46.59000000000003,4.12,1.6331544390514163,0.66,8,4,240,3,1,4.03,4.12,Transient,1,0.3967973867723464,False,Normal Thermal Pattern,2,0,0,3.985,Isolated Thermal Activity,Agricultural Burning
9.28223,78.3957,342.73,301.7,41.03000000000003,3.85,1.5789787049493915,0.66,8,4,240,3,1,4.03,4.12,Transient,1,0.3710689527178565,False,Normal Thermal Pattern,2,0,0,4.12,Isolated Thermal Activity,Agricultural Burning
9.33282,78.42058,341.42,303.56,37.860000000000014,6.56,2.0228711901914416,0.66,8,4,240,1,1,6.56,6.56,Transient,1,0.3526626965023658,False,Normal Thermal Pattern,0,0,0,,Isolated Thermal Activity,Agricultural Burning
9.37102,77.52661,334.6,305.85,28.75,3.24,1.4445632692438664,0.33,8,4,240,1,1,3.24,3.24,Transient,1,0.4315868536543163,False,Normal Thermal Pattern,1,0,0,4.92,Isolated Thermal Activity,Agricultural Burning
9.37401,78.6227,341.48,302.93,38.55000000000001,5.53,1.87640694328834,0.66,8,4,240,1,1,5.53,5.53,Transient,1,0.3475550931958275,False,Normal Thermal Pattern,0,0,0,,Isolated Thermal Activity,Agricultural Burning
9.40697,78.81196,338.76,301.08,37.68000000000001,3.78,1.5644405465033644,0.66,8,4,240,3,2,3.71,5.62,Transient,1,0.3769668256589463,False,Normal Thermal Pattern,3,0,0,4.163333333333333,Isolated Thermal Activity,Agricultural Burning
9.40914,78.81119,334.12,300.42,33.69999999999999,1.73,1.0043016091968684,0.66,8,4,240,3,2,3.71,5.62,Transient,1,0.4033344432921323,False,Normal Thermal Pattern,3,0,0,4.846666666666667,Isolated Thermal Activity,Agricultural Burning
9.4172,77.50932,337.26,307.6,29.659999999999968,3.45,1.4929040961781488,0.33,8,4,240,2,2,2.95,3.45,Transient,1,0.4589293900946715,False,Normal Thermal Pattern,1,0,0,2.45,Isolated Thermal Activity,Agricultural Burning
9.42099,80.38881,338.89,297.22,41.66999999999996,6.43,2.005525858729668,0.66,8,4,240,24,9,9.203333333333331,24.67,Persistent,-1,0.6128100138414374,True,ML Anomaly,48,12,11,8.139999999999999,Persistent Local Activity,Industrial Fire
9.43409,80.37614,339.95,297.81,42.13999999999999,8.25,2.224623551524334,0.66,8,4,240,1,1,10.52,10.52,Transient,1,0.3674765262994886,False,Normal Thermal Pattern,37,1,12,7.627027027027025,Persistent Local Activity,Industrial Fire
9.43479,80.3815,337.41,297.81,39.60000000000002,8.0,2.19722457733622,0.66,8,4,240,1,1,10.52,10.52,Transient,1,0.3672521907244204,False,Normal Thermal Pattern,40,4,12,7.602000000000001,Persistent Local Activity,Industrial Fire
9.53326,78.18642,344.34,307.81,36.52999999999997,11.28,2.5079719227189963,0.66,8,4,240,2,1,9.595,11.28,Transient,1,0.3984808268500733,False,Normal Thermal Pattern,1,0,0,7.91,Isolated Thermal Activity,Wildfire
9.53541,78.18616,344.4,306.73,37.66999999999996,7.91,2.187174241482718,0.66,8,4,240,2,1,9.595,11.28,Transient,1,0.3824682192012044,False,Normal Thermal Pattern,1,0,0,11.28,Isolated Thermal Activity,Agricultural Burning
9.55345,78.51564,341.09,308.43,32.65999999999997,54.45,4.015481713796376,0.66,8,4,240,1,1,54.45,54.45,Transient,-1,0.681675874226005,True,ML Anomaly,0,0,0,,Isolated Thermal Activity,Wildfire
9.68469,78.36857,345.19,307.1,38.089999999999975,13.95,2.704711299836696,0.66,8,4,240,1,1,13.95,13.95,Transient,1,0.4105493484328015,False,Normal Thermal Pattern,1,0,0,5.33,Isolated Thermal Activity,Wildfire
9.71987,77.97552,346.61,304.06,42.55000000000001,8.76,2.278292400425001,0.66,8,4,240,1,1,8.76,8.76,Transient,1,0.3824075041899316,False,Normal Thermal Pattern,0,0,0,,Isolated Thermal Activity,Wildfire
9.8426,78.13952,339.23,305.62,33.610000000000014,6.3,1.9878743481543453,0.66,8,4,240,1,1,6.3,6.3,Transient,1,0.3537094969911704,False,Normal Thermal Pattern,1,0,0,2.82,Isolated Thermal Activity,Agricultural Burning
9.88012,78.4716,335.03,303.66,31.369999999999948,2.73,1.316408233655724,0.66,8,4,240,1,1,2.73,2.73,Transient,1,0.3612070892758693,False,Normal Thermal Pattern,0,0,0,,Isolated Thermal Activity,Agricultural Burning
10.03975,77.97247,338.0,304.45,33.55000000000001,5.07,1.803358605071407,0.66,8,4,240,1,1,5.07,5.07,Transient,1,0.3486383746927484,False,Normal Thermal Pattern,1,0,0,11.04,Isolated Thermal Activity,Agricultural Burning
10.44864,79.65552,335.25,294.59,40.660000000000025,3.77,1.5623463049002495,0.66,8,4,240,1,1,3.77,3.77,Transient,1,0.3513109548030236,False,Normal Thermal Pattern,1,0,0,4.35,Isolated Thermal Activity,Agricultural Burning
10.53153,78.34397,332.5,295.32,37.18000000000001,2.69,1.3056264580524355,0.66,8,4,240,2,1,3.665,4.64,Transient,1,0.3595903730823567,False,Normal Thermal Pattern,1,0,0,4.64,Isolated Thermal Activity,Agricultural Burning
10.53212,78.34332,334.17,295.99,38.18000000000001,4.64,1.7298840655099674,0.66,8,4,240,2,1,3.665,4.64,Transient,1,0.3488376286598663,False,Normal Thermal Pattern,1,0,0,2.69,Isolated Thermal Activity,Agricultural Burning
11.16639,78.01994,337.01,299.49,37.51999999999998,3.13,1.4182774069729414,0.66,8,4,240,1,1,3.13,3.13,Transient,1,0.353154624749622,False,Normal Thermal Pattern,2,0,0,11.51,Isolated Thermal Activity,Agricultural Burning
11.23093,78.85033,335.32,296.68,38.63999999999999,1.73,1.0043016091968684,0.66,8,4,240,1,1,1.73,1.73,Transient,1,0.3866528978432301,False,Normal Thermal Pattern,0,0,0,,Isolated Thermal Activity,Agricultural Burning
11.09134,76.9546,332.31,299.78,32.53000000000003,5.04,1.7984040119467235,0.66,8,4,240,1,1,5.04,5.04,Transient,1,0.3500502249747103,False,Normal Thermal Pattern,0,0,0,,Isolated Thermal Activity,Agricultural Burning
11.48213,79.03663,337.21,293.55,43.65999999999997,2.53,1.2612978709452054,0.66,8,4,240,2,1,2.185,2.53,Transient,1,0.3787348270181607,False,Normal Thermal Pattern,1,0,0,1.84,Isolated Thermal Activity,Agricultural Burning
11.48553,79.03905,333.95,293.93,40.01999999999998,1.84,1.043804052173115,0.66,8,4,240,2,1,2.185,2.53,Transient,1,0.3889621898611716,False,Normal Thermal Pattern,1,0,0,2.53,Isolated Thermal Activity,Agricultural Burning
12.41271,77.18036,340.01,289.55,50.45999999999998,6.76,2.048982334195127,0.66,8,4,240,1,1,6.76,6.76,Transient,1,0.3739471010860387,False,Normal Thermal Pattern,0,0,0,,Isolated Thermal Activity,Agricultural Burning
12.65077,79.52586,340.98,297.05,43.93000000000001,18.17,2.953346557057553,0.66,8,4,240,1,1,18.17,18.17,Transient,1,0.4458062138882422,False,Normal Thermal Pattern,0,0,0,,Isolated Thermal Activity,Wildfire
13.32397,76.02139,332.09,294.29,37.79999999999996,6.95,2.0731719286662407,0.66,8,4,240,1,1,6.95,6.95,Transient,1,0.3602676317758555,False,Normal Thermal Pattern,0,0,0,,Isolated Thermal Activity,Agricultural Burning
8.03799,80.01488,333.74,295.98,37.75999999999999,4.84,1.7647307968401356,0.66,8,5,241,1,1,4.84,4.84,Transient,1,0.3462843759388058,False,Normal Thermal Pattern,5,0,0,14.43,High Local Thermal Density,Agricultural Burning
8.60741,77.97129,337.16,294.04,43.120000000000005,5.38,1.8531680973566984,0.66,8,5,241,7,6,9.955714285714285,22.28,Recurring,1,0.5085118326890706,False,Normal Thermal Pattern,8,6,0,9.23625,Recurring Local Activity,Agricultural Burning
8.64931,80.38313,332.53,291.16,41.36999999999995,2.38,1.2178757094949273,0.66,8,5,241,2,2,2.575,2.77,Transient,1,0.3936244215190793,False,Normal Thermal Pattern,15,0,0,7.252,High Local Thermal Density,Agricultural Burning
8.64932,77.84006,343.62,300.52,43.10000000000002,3.29,1.4562867329399256,0.66,8,5,241,1,1,3.29,3.29,Transient,1,0.3646713948197068,False,Normal Thermal Pattern,1,0,0,6.03,Isolated Thermal Activity,Agricultural Burning
8.69619,80.35628,341.85,281.54,60.31,6.39,2.0001277349601105,0.66,8,5,241,3,2,5.05,6.39,Transient,1,0.4562452070261614,False,Normal Thermal Pattern,8,0,0,5.7787500000000005,High Local Thermal Density,Industrial Fire
8.75016,78.08366,337.4,300.03,37.370000000000005,6.22,1.9768549529047348,0.66,8,5,241,1,1,6.22,6.22,Transient,1,0.3473123300599202,False,Normal Thermal Pattern,2,0,0,0.91,Isolated Thermal Activity,Agricultural Burning
8.75985,77.6738,337.27,304.89,32.379999999999995,1.58,0.947789398933526,0.66,8,5,241,1,1,1.58,1.58,Transient,1,0.3981642217855667,False,Normal Thermal Pattern,0,0,0,,Isolated Thermal Activity,Agricultural Burning
8.84902,80.38763,329.71,295.76,33.94999999999999,3.26,1.449269160281279,0.66,8,5,241,2,2,5.95,8.64,Transient,1,0.3876127084430026,False,Normal Thermal Pattern,3,0,0,6.62,Isolated Thermal Activity,Agricultural Burning
8.85074,80.42461,336.56,295.28,41.28000000000003,3.26,1.449269160281279,0.66,8,5,241,1,1,3.26,3.26,Transient,1,0.3555545246841382,False,Normal Thermal Pattern,4,0,0,6.3950000000000005,Isolated Thermal Activity,Agricultural Burning
8.8745,77.98587,338.37,303.04,35.329999999999984,5.31,1.8421356765531216,0.66,8,5,241,1,1,5.31,5.31,Transient,1,0.3450650760706887,False,Normal Thermal Pattern,2,0,0,3.755,Isolated Thermal Activity,Agricultural Burning
8.91108,80.4406,346.56,289.26,57.30000000000001,9.58,2.3589654264301534,0.66,8,5,241,2,2,9.205,9.58,Transient,1,0.4426017761072155,False,Normal Thermal Pattern,10,5,0,9.122,Recurring Local Activity,Industrial Fire
8.91688,80.43262,328.96,286.75,42.20999999999998,2.84,1.3454723665996355,0.66,8,5,241,5,4,8.476,18.71,Recurring,1,0.4970019191465901,False,Normal Thermal Pattern,11,4,0,9.421818181818182,Recurring Local Activity,Agricultural Burning
8.93593,80.3884,335.47,294.54,40.93000000000001,4.35,1.6770965609079151,0.66,8,5,241,2,1,5.015,5.68,Transient,1,0.3509729972327658,False,Normal Thermal Pattern,7,2,0,7.734285714285714,Recurring Local Activity,Agricultural Burning
8.93651,80.39246,333.11,295.95,37.160000000000025,5.68,1.8991179875485544,0.66,8,5,241,2,1,5.015,5.68,Transient,1,0.3471676980914902,False,Normal Thermal Pattern,10,5,0,6.936999999999999,Recurring Local Activity,Agricultural Burning
8.96052,77.90134,337.09,300.26,36.829999999999984,2.91,1.3635373739972745,0.66,8,5,241,1,1,2.91,2.91,Transient,1,0.3554237097438837,False,Normal Thermal Pattern,1,0,0,14.16,Isolated Thermal Activity,Agricultural Burning
9.02114,80.17536,335.22,287.78,47.440000000000055,6.05,1.9530276168241767,0.66,8,5,241,2,2,6.37,6.69,Transient,1,0.3950645084517724,False,Normal Thermal Pattern,2,0,0,4.6450000000000005,Isolated Thermal Activity,Agricultural Burning
9.17868,80.46647,337.39,289.77,47.620000000000005,8.73,2.2752138961979136,0.66,8,5,241,2,1,8.73,8.73,Transient,1,0.384600481056625,False,Normal Thermal Pattern,1,0,0,8.73,Isolated Thermal Activity,Wildfire
9.17927,80.47058,336.15,291.03,45.120000000000005,8.73,2.2752138961979136,0.66,8,5,241,2,1,8.73,8.73,Transient,1,0.3771047130075195,False,Normal Thermal Pattern,1,0,0,8.73,Isolated Thermal Activity,Wildfire
9.24698,80.31161,332.78,285.66,47.11999999999995,4.14,1.6370530794670737,0.66,8,5,241,1,1,4.14,4.14,Transient,1,0.3748458142072318,False,Normal Thermal Pattern,5,0,0,8.318000000000001,High Local Thermal Density,Agricultural Burning
9.39508,80.46182,332.28,279.8,52.47999999999996,3.77,1.5623463049002495,0.66,8,5,241,10,5,9.654,12.91,Recurring,-1,0.5597247216920849,True,ML Anomaly,28,19,0,10.3075,Recurring Local Activity,Agricultural Burning
9.41414,80.44216,334.1,276.82,57.28000000000003,5.16,1.8180767775454283,0.66,8,5,241,1,1,5.16,5.16,Transient,1,0.4493203087376964,False,Normal Thermal Pattern,46,26,8,9.157608695652172,Persistent Local Activity,Agricultural Burning
9.42272,78.75917,331.63,290.73,40.89999999999998,3.76,1.5602476682433286,0.66,8,5,241,1,1,3.76,3.76,Transient,1,0.3576181695671284,False,Normal Thermal Pattern,1,0,0,4.09,Isolated Thermal Activity,Agricultural Burning
9.43546,80.3385,336.38,279.62,56.75999999999999,6.99,2.0781907597781832,0.66,8,5,241,1,1,6.99,6.99,Transient,1,0.438509539551222,False,Normal Thermal Pattern,10,0,1,5.613,Persistent Local Activity,Industrial Fire
9.49544,78.76971,340.22,281.45,58.77000000000004,4.96,1.7850704810772584,0.66,8,5,241,1,1,4.96,4.96,Transient,1,0.4170226499014904,False,Normal Thermal Pattern,0,0,0,,Isolated Thermal Activity,Agricultural Burning
9.6286,78.5695,330.03,290.39,39.63999999999999,1.55,0.9360933591703348,0.66,8,5,241,2,1,1.55,1.55,Transient,1,0.405446462343005,False,Normal Thermal Pattern,1,0,0,1.55,Isolated Thermal Activity,Agricultural Burning
9.63193,78.56899,332.81,289.55,43.25999999999999,1.55,0.9360933591703348,0.66,8,5,241,2,1,1.55,1.55,Transient,1,0.4042230772622042,False,Normal Thermal Pattern,1,0,0,1.55,Isolated Thermal Activity,Agricultural Burning
9.6353,80.29417,336.56,296.95,39.610000000000014,3.98,1.6054298910365616,0.66,8,5,241,1,1,3.98,3.98,Transient,1,0.3476942812467439,False,Normal Thermal Pattern,1,0,0,4.8,Isolated Thermal Activity,Agricultural Burning
9.69329,77.82059,338.36,305.19,33.170000000000016,5.11,1.809926773183504,0.66,8,5,241,2,2,6.52,7.93,Transient,1,0.3753225576606539,False,Normal Thermal Pattern,1,0,0,7.93,Isolated Thermal Activity,Agricultural Burning
9.76454,80.26393,334.94,295.08,39.860000000000014,1.66,0.9783261227936076,0.66,8,5,241,1,1,1.66,1.66,Transient,1,0.3881814745691146,False,Normal Thermal Pattern,0,0,0,,Isolated Thermal Activity,Agricultural Burning
9.8565,78.18187,331.13,302.4,28.73000000000001,2.82,1.3402504226184837,0.33,8,5,241,2,2,6.11,9.4,Transient,1,0.4748287213548379,False,Normal Thermal Pattern,2,0,0,7.85,Isolated Thermal Activity,Agricultural Burning
9.96644,78.03188,340.46,301.39,39.06999999999999,3.67,1.541159071680806,0.66,8,5,241,1,1,3.67,3.67,Transient,1,0.3502795213937607,False,Normal Thermal Pattern,2,0,0,4.62,Isolated Thermal Activity,Agricultural Burning
9.98556,78.31762,342.21,309.43,32.77999999999997,6.83,2.057962510002712,0.66,8,5,241,1,1,6.83,6.83,Transient,1,0.3724949041619101,False,Normal Thermal Pattern,0,0,0,,Isolated Thermal Activity,Agricultural Burning
10.40263,79.35952,336.63,304.48,32.14999999999998,3.41,1.483874689458755,0.66,8,5,241,1,1,3.41,3.41,Transient,1,0.3564174186153194,False,Normal Thermal Pattern,0,0,0,,Isolated Thermal Activity,Agricultural Burning
10.40814,79.51502,345.82,303.98,41.839999999999975,4.87,1.7698546338400052,0.66,8,5,241,1,1,4.87,4.87,Transient,1,0.3640175941927199,False,Normal Thermal Pattern,0,0,0,,Isolated Thermal Activity,Agricultural Burning
10.51079,79.66752,337.73,302.68,35.05000000000001,6.97,2.075684492802124,0.66,8,5,241,1,1,6.97,6.97,Transient,1,0.3537537146870967,False,Normal Thermal Pattern,1,0,0,7.05,Isolated Thermal Activity,Agricultural Burning
10.52717,79.34861,335.93,305.39,30.54000000000002,2.96,1.3762440252663892,0.66,8,5,241,1,1,2.96,2.96,Transient,1,0.3659419244609206,False,Normal Thermal Pattern,0,0,0,,Isolated Thermal Activity,Agricultural Burning
10.85161,78.75615,340.1,307.17,32.93000000000001,8.61,2.262804222982201,0.66,8,5,241,1,1,8.61,8.61,Transient,1,0.3737869062617263,False,Normal Thermal Pattern,0,0,0,,Isolated Thermal Activity,Wildfire
10.93597,78.47108,339.62,301.67,37.94999999999999,6.07,1.955860479908481,0.66,8,5,241,3,1,4.41,6.07,Transient,1,0.3630423049932694,False,Normal Thermal Pattern,4,0,0,3.8175,Isolated Thermal Activity,Agricultural Burning
10.93779,78.20586,337.13,302.71,34.420000000000016,4.0,1.6094379124341005,0.66,8,5,241,1,1,4.0,4.0,Transient,1,0.3493341087142774,False,Normal Thermal Pattern,1,0,0,3.88,Isolated Thermal Activity,Agricultural Burning
10.95573,78.87653,347.12,305.99,41.13,9.96,2.394252281519869,0.66,8,5,241,1,1,9.96,9.96,Transient,1,0.395301878014156,False,Normal Thermal Pattern,0,0,0,,Isolated Thermal Activity,Wildfire
10.98005,79.4278,332.11,293.0,39.110000000000014,2.61,1.2837077723447896,0.66,8,5,241,1,1,2.61,2.61,Transient,1,0.3644373327582102,False,Normal Thermal Pattern,0,0,0,,Isolated Thermal Activity,Agricultural Burning
11.12129,78.68881,340.11,305.97,34.139999999999986,7.72,2.1656192379208883,0.66,8,5,241,1,1,7.72,7.72,Transient,1,0.361812003682269,False,Normal Thermal Pattern,0,0,0,,Isolated Thermal Activity,Agricultural Burning
11.38602,78.86941,337.84,306.96,30.879999999999995,3.92,1.5933085305042167,0.66,8,5,241,1,1,3.92,3.92,Transient,1,0.361004902515908,False,Normal Thermal Pattern,0,0,0,,Isolated Thermal Activity,Agricultural Burning
11.45934,79.18013,331.81,304.5,27.31,1.85,1.0473189942805592,0.33,8,5,241,1,1,1.85,1.85,Transient,1,0.4652626518687057,False,Normal Thermal Pattern,2,0,0,4.97,Isolated Thermal Activity,Agricultural Burning
11.63834,77.61632,332.91,301.31,31.600000000000023,3.44,1.4906543764441331,0.66,8,5,241,1,1,3.44,3.44,Transient,1,0.3547033993028818,False,Normal Thermal Pattern,0,0,0,,Isolated Thermal Activity,Agricultural Burning
12.03365,79.08008,335.61,304.57,31.04000000000002,6.0,1.9459101490553128,0.66,8,5,241,2,1,5.545,6.0,Transient,1,0.359028897741888,False,Normal Thermal Pattern,3,0,0,2.853333333333333,Isolated Thermal Activity,Agricultural Burning
12.03421,79.08394,335.8,305.53,30.27000000000004,5.09,1.8066480817218056,0.66,8,5,241,2,1,5.545,6.0,Transient,1,0.3622119466786876,False,Normal Thermal Pattern,2,0,0,4.3100000000000005,Isolated Thermal Activity,Agricultural Burning
12.15724,79.71613,336.86,304.83,32.03000000000003,5.78,1.913977101952304,0.66,8,5,241,1,1,5.78,5.78,Transient,1,0.3528434928432107,False,Normal Thermal Pattern,3,0,0,8.38,Isolated Thermal Activity,Agricultural Burning
12.17833,79.73863,346.04,305.27,40.77000000000004,12.19,2.579458966729223,0.66,8,5,241,2,1,11.9,12.19,Transient,1,0.3967228087397374,False,Normal Thermal Pattern,2,0,0,8.695,Isolated Thermal Activity,Wildfire
12.17855,79.73819,345.4,305.64,39.75999999999999,11.61,2.534490149976828,0.66,8,5,241,2,1,11.9,12.19,Transient,1,0.3949728683924369,False,Normal Thermal Pattern,2,0,0,8.985,Isolated Thermal Activity,Wildfire
12.46093,79.10439,332.34,303.76,28.579999999999984,2.1,1.1314021114911006,0.33,8,5,241,1,1,2.1,2.1,Transient,1,0.4554279685688283,False,Normal Thermal Pattern,0,0,0,,Isolated Thermal Activity,Agricultural Burning
12.62554,77.69179,330.23,301.16,29.07,2.07,1.1216775615991057,0.33,8,5,241,1,1,2.07,2.07,Transient,1,0.4634394944648366,False,Normal Thermal Pattern,0,0,0,,Isolated Thermal Activity,Agricultural Burning
12.78404,79.31249,338.53,300.19,38.339999999999975,8.47,2.248128907197987,0.66,8,5,241,1,1,8.47,8.47,Transient,1,0.3578987101003172,False,Normal Thermal Pattern,1,0,0,2.38,Isolated Thermal Activity,Wildfire
12.81844,79.32784,330.65,298.71,31.94,2.38,1.2178757094949273,0.66,8,5,241,1,1,2.38,2.38,Transient,1,0.3745461688978297,False,Normal Thermal Pattern,1,0,0,8.47,Isolated Thermal Activity,Agricultural Burning
12.8281,79.57608,338.2,302.42,35.77999999999997,9.18,2.3204250111223765,0.66,8,5,241,1,1,9.18,9.18,Transient,1,0.3710492091411791,False,Normal Thermal Pattern,0,0,0,,Isolated Thermal Activity,Wildfire
13.38702,78.08879,333.31,301.85,31.45999999999998,1.87,1.0543120297715298,0.66,8,5,241,1,1,1.87,1.87,Transient,1,0.3861256290178586,False,Normal Thermal Pattern,0,0,0,,Isolated Thermal Activity,Agricultural Burning
10.93692,78.46759,317.71,290.06,27.649999999999977,2.94,1.3711807233098423,0.66,20,5,241,3,1,4.41,6.07,Transient,1,0.4714294493876025,False,Normal Thermal Pattern,4,0,0,4.6,Isolated Thermal Activity,Agricultural Burning
10.94139,78.46842,329.14,289.92,39.21999999999997,4.22,1.6524974018945473,0.66,20,5,241,3,1,4.41,6.07,Transient,1,0.4661130282085226,False,Normal Thermal Pattern,4,0,0,4.28,Isolated Thermal Activity,Agricultural Burning
11.58347,77.52039,316.58,287.12,29.45999999999998,1.7,0.9932517730102832,0.66,20,5,241,1,1,1.7,1.7,Transient,1,0.4543766353658652,False,Normal Thermal Pattern,0,0,0,,Isolated Thermal Activity,Agricultural Burning
8.67362,78.03297,305.07,283.77,21.30000000000001,1.52,0.924258901523332,0.66,20,5,241,1,1,1.52,1.52,Transient,1,0.4626725168422987,False,Normal Thermal Pattern,5,0,0,4.156000000000001,High Local Thermal Density,Agricultural Burning
9.30188,77.40331,309.77,290.41,19.35999999999996,0.96,0.6729444732424258,0.66,20,5,241,1,1,0.96,0.96,Transient,1,0.4622494849059133,False,Normal Thermal Pattern,3,0,0,4.783333333333333,Isolated Thermal Activity,Agricultural Burning
9.75441,77.52235,304.88,288.71,16.170000000000016,3.36,1.4724720573609429,0.66,20,5,241,3,1,4.496666666666666,6.77,Transient,1,0.5043199842700099,False,Normal Thermal Pattern,5,0,0,9.384,High Local Thermal Density,Agricultural Burning
9.75514,77.5182,336.79,290.51,46.28000000000003,3.36,1.4724720573609429,0.66,20,5,241,3,1,4.496666666666666,6.77,Transient,1,0.4716218440623816,False,Normal Thermal Pattern,5,0,0,9.384,High Local Thermal Density,Agricultural Burning
9.75646,77.51951,339.71,290.17,49.53999999999997,6.77,2.050270164379556,0.66,20,5,241,3,1,4.496666666666666,6.77,Transient,1,0.4870696349157657,False,Normal Thermal Pattern,5,0,0,8.702,High Local Thermal Density,Industrial Fire
10.07835,77.31503,295.94,281.68,14.259999999999993,0.23,0.2070141693843261,0.66,20,5,241,1,1,0.23,0.23,Transient,-1,0.5569178789048208,True,ML Anomaly,0,0,0,,Isolated Thermal Activity,Agricultural Burning
8.93206,77.96355,336.81,292.55,44.25999999999999,6.73,2.0451088625993306,0.66,7,6,242,1,1,6.73,6.73,Transient,1,0.3651404016254807,False,Normal Thermal Pattern,0,0,0,,Isolated Thermal Activity,Agricultural Burning
9.11486,77.77372,331.27,292.81,38.45999999999998,3.44,1.4906543764441331,0.66,7,6,242,1,1,3.44,3.44,Transient,1,0.3618834374938009,False,Normal Thermal Pattern,2,0,0,8.870000000000001,Isolated Thermal Activity,Agricultural Burning
9.40275,80.4299,330.63,289.9,40.73000000000002,2.23,1.172482137234565,0.33,7,6,242,6,5,5.973333333333334,8.13,Recurring,-1,0.5662495999824201,True,ML Anomaly,50,25,10,9.038999999999998,Persistent Local Activity,Agricultural Burning
9.44347,77.66592,337.18,295.43,41.75,7.48,2.137710449803812,0.66,7,6,242,4,2,15.5375,21.3,Transient,1,0.443837526210398,False,Normal Thermal Pattern,3,0,0,18.223333333333333,Isolated Thermal Activity,Agricultural Burning
9.44426,77.67081,348.44,298.89,49.55000000000001,16.1,2.8390784635086144,0.66,7,6,242,4,2,15.5375,21.3,Transient,1,0.4936626031968913,False,Normal Thermal Pattern,3,0,0,15.35,Isolated Thermal Activity,Wildfire
9.44579,77.66801,351.06,297.64,53.420000000000016,17.27,2.905260370389916,0.66,7,6,242,4,2,15.5375,21.3,Transient,1,0.5172333918098326,False,Normal Thermal Pattern,3,0,0,14.96,Isolated Thermal Activity,Wildfire
11.81002,77.2115,340.99,298.3,42.69,11.53,2.528125768907977,0.66,7,6,242,1,1,11.53,11.53,Transient,1,0.3888330201659783,False,Normal Thermal Pattern,0,0,0,,Isolated Thermal Activity,Wildfire
9.66644,77.4579,301.05,284.78,16.27000000000004,0.88,0.6312717768418579,0.66,20,6,242,2,1,0.78,0.88,Transient,1,0.4875751563025386,False,Normal Thermal Pattern,1,0,0,0.68,Isolated Thermal Activity,Agricultural Burning
9.66702,77.4543,301.83,284.41,17.41999999999996,0.68,0.5187937934151675,0.66,20,6,242,2,1,0.78,0.88,Transient,1,0.4897567954927642,False,Normal Thermal Pattern,1,0,0,0.88,Isolated Thermal Activity,Agricultural Burning
9.97713,76.37589,300.76,281.22,19.539999999999964,0.97,0.6780335427498971,0.66,20,6,242,2,2,1.2999999999999998,1.63,Transient,1,0.5100827674834529,False,Normal Thermal Pattern,1,0,0,1.63,Isolated Thermal Activity,Agricultural Burning
10.1045,77.46542,307.32,290.73,16.589999999999975,0.59,0.4637340162321401,0.66,20,6,242,1,1,0.59,0.59,Transient,1,0.4883665859048069,False,Normal Thermal Pattern,0,0,0,,Isolated Thermal Activity,Agricultural Burning
11.18236,79.10169,308.16,286.73,21.430000000000007,1.27,0.8197798314933114,0.66,20,6,242,6,4,1.3433333333333335,2.15,Recurring,-1,0.535265740037038,True,ML Anomaly,5,5,0,1.358,Recurring Local Activity,Agricultural Burning
11.81654,77.91914,308.82,289.99,18.829999999999984,1.71,0.9969486348916096,0.66,20,6,242,10,5,2.316,3.41,Recurring,-1,0.5719980502543001,True,ML Anomaly,9,9,0,2.3833333333333337,Recurring Local Activity,Agricultural Burning
8.03408,80.19231,340.68,299.7,40.98000000000002,16.12,2.840247370713596,0.66,7,0,243,2,1,16.795,17.47,Transient,1,0.4276297676673924,False,Normal Thermal Pattern,6,0,0,8.51,High Local Thermal Density,Industrial Fire
8.03412,80.19515,342.01,299.78,42.23000000000002,17.47,2.9161477942111484,0.66,7,0,243,2,1,16.795,17.47,Transient,1,0.4360150486181204,False,Normal Thermal Pattern,6,0,0,8.284999999999998,High Local Thermal Density,Industrial Fire
8.03635,80.40153,339.91,299.38,40.53000000000003,4.72,1.7439688053917064,0.66,7,0,243,1,1,4.72,4.72,Transient,1,0.355030598445444,False,Normal Thermal Pattern,14,0,0,7.594285714285713,High Local Thermal Density,Agricultural Burning
8.12984,80.14678,330.18,299.5,30.680000000000007,3.91,1.5912739418064292,0.66,7,0,243,2,1,4.32,4.73,Transient,1,0.3753068254198033,False,Normal Thermal Pattern,1,0,0,4.73,Isolated Thermal Activity,Agricultural Burning
8.13024,80.1483,330.09,299.51,30.579999999999984,4.73,1.7457155307266483,0.66,7,0,243,2,1,4.32,4.73,Transient,1,0.3720051605156691,False,Normal Thermal Pattern,1,0,0,3.91,Isolated Thermal Activity,Agricultural Burning
8.19619,77.55958,330.48,293.99,36.49000000000001,3.4,1.4816045409242156,0.66,7,0,243,1,1,3.4,3.4,Transient,1,0.3635386341809742,False,Normal Thermal Pattern,0,0,0,,Isolated Thermal Activity,Agricultural Burning
8.22025,80.20634,331.08,298.58,32.5,2.74,1.3190856114264409,0.66,7,0,243,1,1,2.74,2.74,Transient,1,0.3723632099099703,False,Normal Thermal Pattern,0,0,0,,Isolated Thermal Activity,Agricultural Burning
8.33914,80.21149,342.98,303.33,39.650000000000034,11.28,2.5079719227189963,0.66,7,0,243,1,1,11.28,11.28,Transient,1,0.3905797082722987,False,Normal Thermal Pattern,12,0,0,12.8875,High Local Thermal Density,Industrial Fire
8.34743,80.20525,342.35,304.4,37.950000000000045,17.86,2.937043277205311,0.66,7,0,243,1,1,17.86,17.86,Transient,1,0.4516003565591518,False,Normal Thermal Pattern,14,0,0,11.666428571428572,High Local Thermal Density,Industrial Fire
8.38223,80.15819,339.04,303.09,35.950000000000045,14.97,2.770711962226921,0.66,7,0,243,5,2,11.844,14.97,Recurring,1,0.4503639207189185,False,Normal Thermal Pattern,9,4,0,11.774444444444445,Recurring Local Activity,Industrial Fire
8.38305,80.16289,343.0,304.62,38.38,14.97,2.770711962226921,0.66,7,0,243,5,2,11.844,14.97,Recurring,1,0.4564878317859058,False,Normal Thermal Pattern,12,4,0,10.479166666666666,Recurring Local Activity,Industrial Fire
8.38596,80.15272,340.08,301.55,38.52999999999997,8.28,2.2278615467981093,0.66,7,0,243,5,2,11.844,14.97,Recurring,1,0.4246967016739053,False,Normal Thermal Pattern,9,4,0,12.517777777777775,Recurring Local Activity,Industrial Fire
8.38678,80.1574,341.99,303.55,38.44,14.97,2.770711962226921,0.66,7,0,243,5,2,11.844,14.97,Recurring,1,0.4524804941028681,False,Normal Thermal Pattern,9,4,0,11.774444444444445,Recurring Local Activity,Industrial Fire
8.39142,80.38304,341.08,300.9,40.18000000000001,10.55,2.446685436967803,0.66,7,0,243,2,1,7.370000000000001,10.55,Transient,1,0.3833771738995663,False,Normal Thermal Pattern,8,0,0,5.140000000000001,High Local Thermal Density,Industrial Fire
8.39323,80.38007,340.17,299.37,40.80000000000001,4.19,1.6467336971777973,0.66,7,0,243,2,1,7.370000000000001,10.55,Transient,1,0.3724016793541392,False,Normal Thermal Pattern,8,0,0,5.9350000000000005,High Local Thermal Density,Agricultural Burning
8.41513,80.32014,334.19,303.8,30.389999999999983,7.71,2.1644717908644115,0.66,7,0,243,4,3,5.452500000000001,7.71,Transient,1,0.4230652822304667,False,Normal Thermal Pattern,10,0,0,5.856,High Local Thermal Density,Industrial Fire
8.43551,80.33078,340.64,300.02,40.620000000000005,4.88,1.7715567619105357,0.66,7,0,243,1,1,4.88,4.88,Transient,1,0.356161977610016,False,Normal Thermal Pattern,7,0,0,6.187142857142858,High Local Thermal Density,Agricultural Burning
8.43957,80.19196,337.9,301.65,36.25,6.35,1.9947003132247447,0.66,7,0,243,3,3,7.913333333333333,9.42,Transient,1,0.3991734001496717,False,Normal Thermal Pattern,6,0,0,7.001666666666666,High Local Thermal Density,Industrial Fire
8.59065,80.41304,345.04,302.86,42.18000000000001,7.92,2.188295946591918,0.66,7,0,243,1,1,7.92,7.92,Transient,1,0.3793906512857122,False,Normal Thermal Pattern,15,0,0,11.237333333333334,High Local Thermal Density,Industrial Fire
8.62995,80.38409,332.97,301.43,31.54000000000002,8.8,2.2823823856765264,0.66,7,0,243,2,2,9.2,9.6,Transient,1,0.4036951220563177,False,Normal Thermal Pattern,16,0,0,6.91625,High Local Thermal Density,Industrial Fire
8.68145,80.28164,333.86,304.54,29.32,6.77,2.050270164379556,0.33,7,0,243,1,1,6.77,6.77,Transient,1,0.4497302260141447,False,Normal Thermal Pattern,2,0,0,6.17,Isolated Thermal Activity,Agricultural Burning
8.71056,80.42584,333.21,305.36,27.84999999999997,9.1,2.312535423847214,0.33,7,0,243,1,1,9.1,9.1,Transient,1,0.4679832919973953,False,Normal Thermal Pattern,3,0,0,6.146666666666666,Isolated Thermal Activity,Wildfire
8.73938,77.75655,342.22,300.04,42.18000000000001,3.62,1.5303947050936475,0.66,7,0,243,1,1,3.62,3.62,Transient,1,0.3663113289614279,False,Normal Thermal Pattern,0,0,0,,Isolated Thermal Activity,Agricultural Burning
8.80248,80.43476,338.61,303.56,35.05000000000001,5.73,1.9065751436566365,0.66,7,0,243,1,1,5.73,5.73,Transient,1,0.358769141109525,False,Normal Thermal Pattern,0,0,0,,Isolated Thermal Activity,Agricultural Burning
8.85157,80.38142,342.74,306.84,35.900000000000034,8.64,2.265921108622454,0.66,7,0,243,2,2,5.95,8.64,Transient,1,0.3994332244383475,False,Normal Thermal Pattern,3,0,0,4.826666666666666,Isolated Thermal Activity,Wildfire
8.90189,80.48717,340.04,303.36,36.68000000000001,5.56,1.8809906029559973,0.66,7,0,243,1,1,5.56,5.56,Transient,1,0.3566046286717915,False,Normal Thermal Pattern,1,0,0,11.6,Isolated Thermal Activity,Agricultural Burning
8.91413,80.42585,349.56,304.37,45.19,18.71,2.9811261211646287,0.66,7,0,243,5,4,8.476,18.71,Recurring,1,0.5176035648376164,False,Normal Thermal Pattern,9,4,0,6.137777777777777,Recurring Local Activity,Industrial Fire
8.91856,80.42508,342.21,303.72,38.48999999999995,7.11,2.0930978681273213,0.66,7,0,243,5,4,8.476,18.71,Recurring,1,0.4531405824876993,False,Normal Thermal Pattern,9,4,0,7.426666666666667,Recurring Local Activity,Industrial Fire
8.93458,77.4248,331.74,296.67,35.06999999999999,2.81,1.3376291891386096,0.66,7,0,243,1,1,2.81,2.81,Transient,1,0.3675347012494375,False,Normal Thermal Pattern,3,0,0,4.673333333333333,Isolated Thermal Activity,Agricultural Burning
8.95756,77.42812,343.07,299.6,43.46999999999997,7.03,2.0831845279586703,0.66,7,0,243,2,1,6.73,7.03,Transient,1,0.3679471931417919,False,Normal Thermal Pattern,3,0,0,3.266666666666667,Isolated Thermal Activity,Agricultural Burning
8.95907,77.42636,336.72,299.34,37.38000000000005,6.43,2.005525858729668,0.66,7,0,243,2,1,6.73,7.03,Transient,1,0.3580166453752494,False,Normal Thermal Pattern,3,0,0,3.466666666666667,Isolated Thermal Activity,Agricultural Burning
9.02162,80.11128,332.81,306.54,26.269999999999985,8.25,2.224623551524334,0.33,7,0,243,1,1,8.25,8.25,Transient,1,0.4667285382886402,False,Normal Thermal Pattern,0,0,0,,Isolated Thermal Activity,Wildfire
9.04075,80.45049,340.34,302.43,37.90999999999997,8.69,2.271094425902674,0.66,7,0,243,1,1,8.69,8.69,Transient,1,0.372677074025005,False,Normal Thermal Pattern,0,0,0,,Isolated Thermal Activity,Wildfire
9.18292,80.30522,346.26,307.74,38.51999999999998,7.77,2.171336806384092,0.66,7,0,243,2,1,5.73,7.77,Transient,1,0.3893774307117325,False,Normal Thermal Pattern,2,0,0,3.745,Isolated Thermal Activity,Agricultural Burning
9.18737,80.30444,340.18,306.14,34.04000000000002,3.69,1.5454325824581878,0.66,7,0,243,2,1,5.73,7.77,Transient,1,0.3749761907839664,False,Normal Thermal Pattern,2,0,0,5.785,Isolated Thermal Activity,Agricultural Burning
9.20535,78.30312,332.69,302.34,30.350000000000023,1.84,1.043804052173115,0.66,7,0,243,1,1,1.84,1.84,Transient,1,0.4052072779418657,False,Normal Thermal Pattern,1,0,0,1.0,Isolated Thermal Activity,Agricultural Burning
9.22205,78.65817,333.87,305.2,28.670000000000016,1.05,0.7178397931503169,0.33,7,0,243,1,1,1.05,1.05,Transient,1,0.50731736948163,False,Normal Thermal Pattern,1,0,0,11.12,Isolated Thermal Activity,Agricultural Burning
9.30883,80.43028,340.98,301.88,39.10000000000002,5.16,1.8180767775454283,0.66,7,0,243,1,1,5.16,5.16,Transient,1,0.3541656474272037,False,Normal Thermal Pattern,0,0,0,,Isolated Thermal Activity,Agricultural Burning
9.41239,80.40015,342.7,305.44,37.25999999999999,8.5,2.251291798606496,0.66,7,0,243,24,9,9.203333333333331,24.67,Persistent,-1,0.6291979893154255,True,ML Anomaly,51,14,11,7.984901960784313,Persistent Local Activity,Gas Flare
9.41315,80.40452,331.74,304.03,27.71000000000004,4.13,1.6351056591826785,0.33,7,0,243,24,9,9.203333333333331,24.67,Persistent,-1,0.6472703162371264,True,ML Anomaly,51,15,11,8.142156862745097,Persistent Local Activity,Agricultural Burning
9.41755,80.40376,334.45,305.1,29.34999999999997,4.13,1.6351056591826785,0.33,7,0,243,24,9,9.203333333333331,24.67,Persistent,-1,0.6437656093388584,True,ML Anomaly,51,14,11,8.070588235294117,Persistent Local Activity,Agricultural Burning
9.41918,77.50965,335.16,299.91,35.25,2.45,1.2383742310432684,0.66,7,0,243,2,2,2.95,3.45,Transient,1,0.3897797994672133,False,Normal Thermal Pattern,1,0,0,3.45,Isolated Thermal Activity,Agricultural Burning
9.4262,80.37522,332.58,305.5,27.079999999999984,4.35,1.6770965609079151,0.33,7,0,243,3,2,3.2133333333333334,4.16,Transient,1,0.4805592924682115,False,Normal Thermal Pattern,39,3,12,7.60205128205128,Persistent Local Activity,Agricultural Burning
9.42924,80.39275,344.1,305.97,38.13,10.52,2.444084655267745,0.66,7,0,243,1,1,10.52,10.52,Transient,1,0.3973994324543555,False,Normal Thermal Pattern,46,10,12,8.257173913043477,Persistent Local Activity,Industrial Fire
9.4417,80.38611,333.88,305.23,28.649999999999977,3.15,1.423108334242607,0.33,7,0,243,1,1,10.52,10.52,Transient,1,0.4747772410230634,False,Normal Thermal Pattern,39,3,12,7.457179487179487,Persistent Local Activity,Agricultural Burning
9.44836,80.39847,332.98,305.51,27.470000000000027,3.02,1.3912819026309295,0.33,7,0,243,2,1,3.02,3.02,Transient,1,0.4642067484742606,False,Normal Thermal Pattern,33,4,12,8.11909090909091,Persistent Local Activity,Agricultural Burning
9.45276,80.39771,342.11,305.09,37.02000000000004,3.02,1.3912819026309295,0.66,7,0,243,2,1,3.02,3.02,Transient,1,0.3805476890897717,False,Normal Thermal Pattern,31,3,12,8.111612903225806,Persistent Local Activity,Agricultural Burning
9.52986,78.55909,344.82,295.68,49.13999999999999,10.57,2.448415541205585,0.66,7,0,243,1,1,10.57,10.57,Transient,1,0.4009522009708075,False,Normal Thermal Pattern,0,0,0,,Isolated Thermal Activity,Wildfire
9.6418,77.65417,330.61,299.92,30.69,2.09,1.128171090909654,0.66,7,0,243,1,1,2.09,2.09,Transient,1,0.3984121892086402,False,Normal Thermal Pattern,2,0,0,5.865,Isolated Thermal Activity,Agricultural Burning
9.65597,77.64645,331.61,303.13,28.48000000000001,4.33,1.673351238177753,0.33,7,0,243,2,1,5.865,7.4,Transient,1,0.4545379068476775,False,Normal Thermal Pattern,2,0,0,4.745,Isolated Thermal Activity,Agricultural Burning
9.65658,77.64974,339.31,304.18,35.129999999999995,7.4,2.128231705849268,0.66,7,0,243,2,1,5.865,7.4,Transient,1,0.3680121793671664,False,Normal Thermal Pattern,2,0,0,3.21,Isolated Thermal Activity,Agricultural Burning
9.71414,78.92452,340.23,296.96,43.27000000000004,2.93,1.3686394258811698,0.66,7,0,243,1,1,2.93,2.93,Transient,1,0.3740357006639812,False,Normal Thermal Pattern,3,0,0,5.486666666666667,Isolated Thermal Activity,Agricultural Burning
9.7306,78.41191,337.64,294.09,43.55000000000001,2.59,1.2781522025001877,0.66,7,0,243,1,1,2.59,2.59,Transient,1,0.377401768847082,False,Normal Thermal Pattern,1,0,0,2.91,Isolated Thermal Activity,Agricultural Burning
9.76943,78.36863,332.83,289.29,43.53999999999997,3.13,1.4182774069729414,0.66,7,0,243,1,1,3.13,3.13,Transient,1,0.3772897180620285,False,Normal Thermal Pattern,2,0,0,6.975,Isolated Thermal Activity,Agricultural Burning
9.8097,77.88875,340.38,307.56,32.81999999999999,4.27,1.6620303625532709,0.66,7,0,243,1,1,4.27,4.27,Transient,1,0.3701583281761349,False,Normal Thermal Pattern,2,0,0,4.22,Isolated Thermal Activity,Agricultural Burning
10.04896,78.97438,339.72,301.32,38.400000000000034,8.45,2.246014741505652,0.66,7,0,243,1,1,8.45,8.45,Transient,1,0.3679750426866812,False,Normal Thermal Pattern,0,0,0,,Isolated Thermal Activity,Wildfire
11.39743,78.70004,354.25,286.76,67.49000000000001,14.75,2.7568403652716422,0.66,7,0,243,1,1,14.75,14.75,Transient,1,0.532511525399018,False,Normal Thermal Pattern,0,0,0,,Isolated Thermal Activity,Wildfire
12.1731,79.82799,339.93,294.09,45.84000000000003,8.65,2.2669579153508947,0.66,7,0,243,1,1,8.65,8.65,Transient,1,0.378154496458871,False,Normal Thermal Pattern,0,0,0,,Isolated Thermal Activity,Wildfire
12.58453,79.64104,332.82,297.71,35.110000000000014,1.87,1.0543120297715298,0.66,7,0,243,1,1,1.87,1.87,Transient,1,0.3953674254600972,False,Normal Thermal Pattern,0,0,0,,Isolated Thermal Activity,Agricultural Burning
12.70339,79.7732,340.67,298.26,42.410000000000025,6.14,1.965712776351493,0.66,7,0,243,1,1,6.14,6.14,Transient,1,0.3582431753445369,False,Normal Thermal Pattern,1,0,0,6.31,Isolated Thermal Activity,Agricultural Burning
12.81064,76.9621,329.86,275.93,53.93000000000001,5.58,1.884034745337226,0.66,7,0,243,1,1,5.58,5.58,Transient,1,0.4535164871933824,False,Normal Thermal Pattern,0,0,0,,Isolated Thermal Activity,Agricultural Burning
13.29946,79.8628,341.58,299.8,41.77999999999997,2.73,1.316408233655724,0.66,7,0,243,1,1,2.73,2.73,Transient,1,0.3759904357820411,False,Normal Thermal Pattern,0,0,0,,Isolated Thermal Activity,Agricultural Burning
13.31914,79.92836,337.11,295.25,41.860000000000014,7.56,2.1471001901536506,0.66,7,0,243,2,1,6.685,7.56,Transient,1,0.3649264323185921,False,Normal Thermal Pattern,1,0,0,5.81,Isolated Thermal Activity,Agricultural Burning
13.3195,79.92703,339.93,295.66,44.26999999999998,5.81,1.918392120161421,0.66,7,0,243,2,1,6.685,7.56,Transient,1,0.3616904466209535,False,Normal Thermal Pattern,1,0,0,7.56,Isolated Thermal Activity,Agricultural Burning
13.38021,79.70301,333.34,298.87,34.46999999999997,4.52,1.7083778602890038,0.66,7,0,243,1,1,4.52,4.52,Transient,1,0.3546910583358693,False,Normal Thermal Pattern,0,0,0,,Isolated Thermal Activity,Agricultural Burning
13.41108,80.26926,332.33,296.76,35.56999999999999,1.98,1.091923300517313,0.66,7,0,243,1,1,1.98,1.98,Transient,1,0.3936626804264588,False,Normal Thermal Pattern,0,0,0,,Isolated Thermal Activity,Agricultural Burning
13.46564,79.86813,341.58,297.63,43.94999999999999,10.54,2.4458192610799534,0.66,7,0,243,1,1,10.54,10.54,Transient,1,0.3860612446759247,False,Normal Thermal Pattern,0,0,0,,Isolated Thermal Activity,Wildfire
12.80597,77.4342,303.35,281.03,22.32000000000005,1.99,1.095273387402595,0.66,20,0,243,2,2,1.325,1.99,Transient,1,0.5059808484470104,False,Normal Thermal Pattern,1,0,0,0.66,Isolated Thermal Activity,Agricultural Burning
13.04406,77.66707,304.66,288.69,15.970000000000027,0.53,0.4252677354043441,0.66,20,0,243,1,1,0.53,0.53,Transient,1,0.4935522657395644,False,Normal Thermal Pattern,0,0,0,,Isolated Thermal Activity,Agricultural Burning
13.39139,80.10024,308.06,289.62,18.44,1.4,0.8754687373538999,0.66,20,0,243,3,3,1.4066666666666665,2.02,Transient,1,0.4841245940440575,False,Normal Thermal Pattern,3,0,0,1.3233333333333333,Isolated Thermal Activity,Agricultural Burning
13.39185,80.07369,307.57,292.82,14.75,1.15,0.7654678421395714,0.66,20,0,243,1,1,1.15,1.15,Transient,1,0.4700625616193484,False,Normal Thermal Pattern,3,0,0,1.406666666666667,Isolated Thermal Activity,Agricultural Burning
8.11107,79.86932,310.67,292.79,17.879999999999995,1.7,0.9932517730102832,0.66,20,0,243,1,1,1.7,1.7,Transient,1,0.4566993870796819,False,Normal Thermal Pattern,1,0,0,3.11,Isolated Thermal Activity,Agricultural Burning
8.17575,80.37391,309.36,291.5,17.860000000000014,1.19,0.7839015438284094,0.66,20,0,243,1,1,1.19,1.19,Transient,1,0.4587482966557775,False,Normal Thermal Pattern,4,0,0,5.779999999999999,Isolated Thermal Activity,Agricultural Burning
8.46689,80.25317,306.42,294.25,12.170000000000016,0.63,0.4885800148186709,0.66,20,0,243,1,1,0.63,0.63,Transient,1,0.4997438166342275,False,Normal Thermal Pattern,6,0,0,6.523333333333333,High Local Thermal Density,Agricultural Burning
8.74081,78.09372,309.71,295.3,14.409999999999968,0.88,0.6312717768418579,0.66,20,0,243,2,1,0.91,0.94,Transient,1,0.4791289202677126,False,Normal Thermal Pattern,2,0,0,3.58,Isolated Thermal Activity,Agricultural Burning
8.7414,78.08978,308.15,295.37,12.779999999999973,0.94,0.6626879730752367,0.66,20,0,243,2,1,0.91,0.94,Transient,1,0.48151765275294,False,Normal Thermal Pattern,2,0,0,3.55,Isolated Thermal Activity,Agricultural Burning
8.86698,78.1198,308.69,296.2,12.490000000000007,0.48,0.3920420877760237,0.66,20,0,243,1,1,0.48,0.48,Transient,1,0.5152181927997275,False,Normal Thermal Pattern,5,0,0,9.252,High Local Thermal Density,Agricultural Burning
9.06696,77.89515,314.44,295.57,18.870000000000005,0.92,0.6523251860396903,0.66,20,0,243,1,1,0.92,0.92,Transient,1,0.480266812200762,False,Normal Thermal Pattern,1,0,0,5.09,Isolated Thermal Activity,Agricultural Burning
10.26561,78.37807,308.2,294.61,13.589999999999977,1.49,0.9122827104766162,0.66,20,0,243,1,1,1.49,1.49,Transient,1,0.4659980240426243,False,Normal Thermal Pattern,0,0,0,,Isolated Thermal Activity,Agricultural Burning
10.41422,77.11642,320.12,290.43,29.69,2.48,1.247032293786383,0.66,20,0,243,1,1,2.48,2.48,Transient,1,0.4492861751381047,False,Normal Thermal Pattern,0,0,0,,Isolated Thermal Activity,Agricultural Burning
11.08219,78.75288,315.78,292.3,23.47999999999996,1.2,0.7884573603642702,0.66,20,0,243,2,1,1.115,1.2,Transient,1,0.4691017973109416,False,Normal Thermal Pattern,1,0,0,1.03,Isolated Thermal Activity,Agricultural Burning
11.0839,78.75246,309.64,293.1,16.539999999999964,1.03,0.708035793053696,0.66,20,0,243,2,1,1.115,1.2,Transient,1,0.4692179207176964,False,Normal Thermal Pattern,1,0,0,1.2,Isolated Thermal Activity,Agricultural Burning
11.26925,80.00533,313.95,284.5,29.44999999999999,1.18,0.7793248768009976,0.66,20,0,243,6,6,3.0966666666666662,7.53,Recurring,-1,0.587675044829171,True,ML Anomaly,5,5,0,3.4799999999999995,Recurring Local Activity,Agricultural Burning
11.81635,77.91774,305.18,293.35,11.829999999999984,1.96,1.085189268335969,0.66,20,0,243,10,5,2.316,3.41,Recurring,-1,0.58926737157004,True,ML Anomaly,9,9,0,2.355555555555556,Recurring Local Activity,Agricultural Burning
12.17032,78.99065,297.43,286.67,10.759999999999993,1.61,0.959350221334602,0.66,20,0,243,1,1,1.61,1.61,Transient,1,0.4989665540990685,False,Normal Thermal Pattern,0,0,0,,Isolated Thermal Activity,Agricultural Burning
8.40674,80.25502,367.0,294.07,72.93,20.93,3.0878555624297968,1.0,7,1,244,1,1,20.93,20.93,Transient,-1,0.6380110406942908,True,ML Anomaly,8,0,0,6.46875,High Local Thermal Density,Industrial Fire
8.41019,80.40926,330.06,293.49,36.56999999999999,3.7,1.547562508716013,0.66,7,1,244,1,1,3.7,3.7,Transient,1,0.3668204205683391,False,Normal Thermal Pattern,13,0,0,5.119230769230769,High Local Thermal Density,Agricultural Burning
8.42441,80.4514,335.35,293.71,41.64000000000004,4.99,1.790091412127358,0.66,7,1,244,1,1,4.99,4.99,Transient,1,0.3568018960482478,False,Normal Thermal Pattern,7,0,0,4.785714285714286,High Local Thermal Density,Agricultural Burning
8.46535,80.39966,333.49,293.25,40.24000000000001,7.0,2.079441541679836,0.66,7,1,244,5,2,6.744,9.48,Recurring,1,0.4105481330204099,False,Normal Thermal Pattern,9,4,0,6.07,Recurring Local Activity,Industrial Fire
8.46566,80.3997,334.71,293.24,41.46999999999997,9.48,2.349468678892896,0.66,7,1,244,5,2,6.744,9.48,Recurring,1,0.4231312935587537,False,Normal Thermal Pattern,9,4,0,5.794444444444444,Recurring Local Activity,Industrial Fire
8.46624,80.40448,336.17,291.02,45.150000000000034,7.32,2.1186622548331173,0.66,7,1,244,5,2,6.744,9.48,Recurring,1,0.4169134389477766,False,Normal Thermal Pattern,8,4,0,6.24625,Recurring Local Activity,Industrial Fire
8.46658,80.4045,338.18,291.45,46.73000000000002,7.16,2.0992441689760155,0.66,7,1,244,5,2,6.744,9.48,Recurring,1,0.415024302955095,False,Normal Thermal Pattern,8,4,0,6.266249999999999,Recurring Local Activity,Industrial Fire
8.60666,77.96648,345.72,293.74,51.98000000000002,16.02,2.834389123145228,0.66,7,1,244,7,6,9.955714285714285,22.28,Recurring,-1,0.5567445396224912,True,ML Anomaly,8,6,0,7.90625,Recurring Local Activity,Industrial Fire
8.69465,78.05344,333.02,296.0,37.01999999999998,5.99,1.944480556245719,0.66,7,1,244,2,2,3.64,5.99,Transient,1,0.3747813990401458,False,Normal Thermal Pattern,4,0,0,2.4075,Isolated Thermal Activity,Agricultural Burning
9.02386,80.16743,343.87,294.87,49.0,6.69,2.039920783517553,0.66,7,1,244,2,2,6.37,6.69,Transient,1,0.3953684025026656,False,Normal Thermal Pattern,1,0,0,6.05,Isolated Thermal Activity,Agricultural Burning
9.1143,80.27499,338.23,297.66,40.56999999999999,6.34,1.993338842626424,0.66,7,1,244,2,2,4.6,6.34,Transient,1,0.3749018648990335,False,Normal Thermal Pattern,7,0,0,4.621428571428571,High Local Thermal Density,Industrial Fire
9.25305,80.2723,337.98,298.23,39.75,16.27,2.848970892158587,0.66,7,1,244,3,2,12.01,16.27,Transient,1,0.4375238161592484,False,Normal Thermal Pattern,3,0,0,7.966666666666666,Isolated Thermal Activity,Wildfire
9.25485,80.28175,339.79,298.03,41.76000000000005,11.2,2.501435951739211,0.66,7,1,244,3,2,12.01,16.27,Transient,1,0.4092053484120362,False,Normal Thermal Pattern,3,0,0,9.656666666666666,Isolated Thermal Activity,Wildfire
9.39192,80.43458,339.99,296.83,43.160000000000025,8.13,2.211565694606877,0.66,7,1,244,6,5,5.973333333333334,8.13,Recurring,1,0.4696448474486951,False,Normal Thermal Pattern,44,25,5,10.142727272727273,Persistent Local Activity,Industrial Fire
9.41682,80.40154,355.11,298.05,57.06,17.61,2.9236990706541595,0.66,7,1,244,24,9,9.203333333333331,24.67,Persistent,-1,0.671539055110465,True,ML Anomaly,51,14,11,7.806274509803922,Persistent Local Activity,Gas Flare
9.41771,80.39689,332.31,297.25,35.06,8.13,2.211565694606877,0.66,7,1,244,24,9,9.203333333333331,24.67,Persistent,-1,0.614190845379718,True,ML Anomaly,50,13,11,7.9894,Persistent Local Activity,Gas Flare
9.4186,80.40147,349.15,297.98,51.16999999999996,8.13,2.211565694606877,0.66,7,1,244,24,9,9.203333333333331,24.67,Persistent,-1,0.6269319316584893,True,ML Anomaly,51,14,11,7.992156862745097,Persistent Local Activity,Gas Flare
9.42039,80.41064,335.58,296.58,39.0,12.21,2.580974118534234,0.66,7,1,244,9,5,11.636666666666663,29.65,Recurring,1,0.5307382708581293,False,Normal Thermal Pattern,52,14,12,8.331923076923076,Persistent Local Activity,Industrial Fire
9.42457,80.40965,367.0,297.45,69.55000000000001,21.12,3.096482176654134,1.0,7,1,244,1,1,4.28,4.28,Transient,-1,0.6079735916113747,True,ML Anomaly,49,14,12,7.902244897959182,Persistent Local Activity,Industrial Fire
9.42543,80.41423,348.55,297.09,51.46000000000004,18.66,2.9785861147190205,0.66,7,1,244,1,1,4.28,4.28,Transient,1,0.4669640835185513,False,Normal Thermal Pattern,50,16,12,8.5244,Persistent Local Activity,Industrial Fire
9.42642,80.40956,367.0,297.61,69.38999999999999,12.21,2.580974118534234,1.0,7,1,244,1,1,4.28,4.28,Transient,-1,0.5745718228060616,True,ML Anomaly,49,14,12,8.084081632653062,Persistent Local Activity,Industrial Fire
9.42731,80.41415,336.19,297.09,39.10000000000002,16.15,2.8419981736119486,0.66,7,1,244,1,1,4.28,4.28,Transient,1,0.4272224212616333,False,Normal Thermal Pattern,49,16,12,8.61530612244898,Persistent Local Activity,Industrial Fire
9.5339,80.38524,348.83,298.05,50.77999999999997,11.05,2.489064659936664,0.66,7,1,244,2,1,10.255,11.05,Transient,1,0.4120829713843806,False,Normal Thermal Pattern,4,0,0,5.800000000000001,Isolated Thermal Activity,Wildfire
9.5355,80.38216,352.5,298.21,54.29000000000002,9.46,2.347558458636777,0.66,7,1,244,2,1,10.255,11.05,Transient,1,0.4274458450284529,False,Normal Thermal Pattern,4,0,0,6.197500000000001,Isolated Thermal Activity,Wildfire
10.3891,79.27283,340.75,293.63,47.120000000000005,6.32,1.99061032797322,0.66,7,1,244,1,1,6.32,6.32,Transient,1,0.3668345385554175,False,Normal Thermal Pattern,3,0,0,12.116666666666667,Isolated Thermal Activity,Agricultural Burning
10.77498,78.64761,339.35,298.22,41.13,9.28,2.330200260027019,0.66,7,1,244,1,1,9.28,9.28,Transient,1,0.3770327209347986,False,Normal Thermal Pattern,1,0,0,4.46,Isolated Thermal Activity,Wildfire
11.14715,78.03418,342.27,292.94,49.329999999999984,8.84,2.286455711064162,0.66,7,1,244,2,1,11.51,14.18,Transient,1,0.4048826590967677,False,Normal Thermal Pattern,2,0,0,8.655,Isolated Thermal Activity,Wildfire
11.15095,78.03052,334.43,293.33,41.10000000000002,14.18,2.719978771967484,0.66,7,1,244,2,1,11.51,14.18,Transient,1,0.4131716009231926,False,Normal Thermal Pattern,2,0,0,5.984999999999999,Isolated Thermal Activity,Wildfire
11.23065,78.08495,331.82,295.11,36.70999999999998,5.38,1.8531680973566984,0.66,7,1,244,1,1,5.38,5.38,Transient,1,0.3583678011297279,False,Normal Thermal Pattern,0,0,0,,Isolated Thermal Activity,Agricultural Burning
11.84292,78.90423,338.89,296.6,42.28999999999997,12.68,2.615934912194404,0.66,7,1,244,1,1,12.68,12.68,Transient,1,0.3975032037596407,False,Normal Thermal Pattern,0,0,0,,Isolated Thermal Activity,Wildfire
12.70483,79.3057,335.48,295.2,40.28000000000003,4.05,1.6193882432872684,0.66,7,1,244,1,1,4.05,4.05,Transient,1,0.358403255113568,False,Normal Thermal Pattern,0,0,0,,Isolated Thermal Activity,Agricultural Burning
12.82289,79.10335,333.2,294.83,38.370000000000005,5.79,1.9154509415706047,0.66,7,1,244,1,1,5.79,5.79,Transient,1,0.3571821520133613,False,Normal Thermal Pattern,0,0,0,,Isolated Thermal Activity,Agricultural Burning
12.9195,79.45843,337.1,290.6,46.5,4.66,1.7334238922150915,0.66,7,1,244,1,1,4.66,4.66,Transient,1,0.367382126552119,False,Normal Thermal Pattern,0,0,0,,Isolated Thermal Activity,Agricultural Burning
8.95145,77.77085,345.86,300.27,45.59000000000003,4.04,1.6174060820832772,0.66,8,1,244,2,1,4.075,4.11,Transient,1,0.3726017701260318,False,Normal Thermal Pattern,2,0,0,10.97,Isolated Thermal Activity,Agricultural Burning
8.95153,77.77248,336.6,300.01,36.59000000000003,4.11,1.631199404215613,0.66,8,1,244,2,1,4.075,4.11,Transient,1,0.3486617898032143,False,Normal Thermal Pattern,2,0,0,10.935,Isolated Thermal Activity,Agricultural Burning
9.11347,77.46972,367.0,299.16,67.83999999999997,9.51,2.35232718488886,1.0,8,1,244,1,1,9.51,9.51,Transient,-1,0.5569623189489648,True,ML Anomaly,1,0,0,3.5,Isolated Thermal Activity,Wildfire
9.5979,77.7906,343.48,299.17,44.31,18.25,2.9575110607337933,0.66,8,1,244,2,1,15.4,18.25,Transient,1,0.4342959183359424,False,Normal Thermal Pattern,1,0,0,12.55,Isolated Thermal Activity,Wildfire
9.59852,77.79555,335.09,296.83,38.25999999999999,12.55,2.60638654732571,0.66,8,1,244,2,1,15.4,18.25,Transient,1,0.4053089276785802,False,Normal Thermal Pattern,1,0,0,18.25,Isolated Thermal Activity,Wildfire
10.01406,78.08731,332.78,297.7,35.079999999999984,3.52,1.5085119938441398,0.66,8,1,244,1,1,3.52,3.52,Transient,1,0.3496972656723519,False,Normal Thermal Pattern,2,0,0,4.43,Isolated Thermal Activity,Agricultural Burning
10.8313,78.8009,336.72,294.99,41.73000000000002,5.56,1.8809906029559973,0.66,8,1,244,1,1,5.56,5.56,Transient,1,0.3469951058715045,False,Normal Thermal Pattern,1,0,0,2.81,Isolated Thermal Activity,Agricultural Burning
9.56769,77.5301,311.36,286.65,24.71000000000004,3.24,1.4445632692438664,0.66,19,1,244,3,1,2.8266666666666667,3.24,Transient,1,0.467180691129446,False,Normal Thermal Pattern,10,5,0,3.93,Recurring Local Activity,Agricultural Burning
9.57194,77.53596,318.87,286.52,32.35000000000002,2.62,1.2864740258376797,0.66,19,1,244,3,1,2.8266666666666667,3.24,Transient,1,0.4629114416141264,False,Normal Thermal Pattern,10,5,0,3.992,Recurring Local Activity,Agricultural Burning
9.57271,77.53027,304.62,286.81,17.810000000000002,2.62,1.2864740258376797,0.66,19,1,244,3,1,2.8266666666666667,3.24,Transient,1,0.4812016638491623,False,Normal Thermal Pattern,10,5,0,3.992,Recurring Local Activity,Agricultural Burning
9.58051,77.54716,331.25,289.78,41.47000000000003,3.82,1.572773928062509,0.66,19,1,244,5,1,4.892,6.72,Recurring,1,0.4904537482508251,False,Normal Thermal Pattern,10,4,0,3.872,Recurring Local Activity,Agricultural Burning
9.58125,77.54169,309.06,288.53,20.53000000000003,3.82,1.572773928062509,0.66,19,1,244,5,1,4.892,6.72,Recurring,1,0.5260633979126832,False,Normal Thermal Pattern,10,4,0,3.872,Recurring Local Activity,Agricultural Burning
9.58175,77.54842,322.31,289.54,32.76999999999998,6.28,1.9851308622085944,0.66,19,1,244,5,1,4.892,6.72,Recurring,1,0.5015404698906584,False,Normal Thermal Pattern,9,4,0,3.705555555555555,Recurring Local Activity,Industrial Fire
9.58245,77.54297,326.75,289.94,36.81,6.72,2.0438143640366846,0.66,19,1,244,5,1,4.892,6.72,Recurring,1,0.5014553291282999,False,Normal Thermal Pattern,10,4,0,3.582,Recurring Local Activity,Industrial Fire
9.58542,77.54805,310.36,289.06,21.30000000000001,3.82,1.572773928062509,0.66,19,1,244,5,1,4.892,6.72,Recurring,1,0.5214026891530706,False,Normal Thermal Pattern,8,4,0,4.1275,Recurring Local Activity,Agricultural Burning
10.43844,77.555,304.16,290.23,13.930000000000009,0.47,0.3852624007906449,0.66,19,1,244,1,1,0.47,0.47,Transient,1,0.5116674361253712,False,Normal Thermal Pattern,0,0,0,,Isolated Thermal Activity,Agricultural Burning
10.99405,79.23645,332.49,290.43,42.06,7.05,2.0856720914304723,0.66,19,1,244,1,1,7.05,7.05,Transient,1,0.4663036187828576,False,Normal Thermal Pattern,1,0,0,2.95,Isolated Thermal Activity,Agricultural Burning
11.26855,80.00151,320.92,291.48,29.44,7.53,2.143589361503588,0.66,19,1,244,6,6,3.0966666666666662,7.53,Recurring,-1,0.5696511253878837,True,ML Anomaly,5,5,0,2.21,Recurring Local Activity,Industrial Fire
11.42341,77.40266,324.28,290.37,33.90999999999997,1.92,1.0715836162801904,0.66,19,1,244,2,1,2.03,2.14,Transient,1,0.4545094123616423,False,Normal Thermal Pattern,2,0,0,1.71,Isolated Thermal Activity,Agricultural Burning
11.42617,77.40337,319.32,290.58,28.74000000000001,2.14,1.144222799920162,0.66,19,1,244,2,1,2.03,2.14,Transient,1,0.4522449939036843,False,Normal Thermal Pattern,2,0,0,1.6,Isolated Thermal Activity,Agricultural Burning
11.43303,77.16435,309.49,290.7,18.79000000000002,1.15,0.7654678421395714,0.66,19,1,244,1,1,1.15,1.15,Transient,1,0.4726010881632829,False,Normal Thermal Pattern,0,0,0,,Isolated Thermal Activity,Agricultural Burning
11.59137,77.27103,348.16,283.6,64.56,3.82,1.572773928062509,0.66,19,1,244,3,2,2.8366666666666664,3.82,Transient,-1,0.5409032417093019,True,ML Anomaly,2,0,0,2.345,Isolated Thermal Activity,Agricultural Burning
11.59178,77.26778,306.06,281.89,24.170000000000016,3.82,1.572773928062509,0.66,19,1,244,3,2,2.8366666666666664,3.82,Transient,1,0.5079977139052165,False,Normal Thermal Pattern,2,0,0,2.345,Isolated Thermal Activity,Agricultural Burning
12.29194,79.93996,319.76,289.14,30.620000000000005,5.06,1.801709800081223,0.66,19,1,244,2,1,5.385,5.71,Transient,1,0.4652133193414151,False,Normal Thermal Pattern,1,0,0,5.71,Isolated Thermal Activity,Agricultural Burning
12.29299,79.93951,323.45,289.13,34.31999999999999,5.71,1.9035989509835904,0.66,19,1,244,2,1,5.385,5.71,Transient,1,0.4623806633006923,False,Normal Thermal Pattern,1,0,0,5.06,Isolated Thermal Activity,Agricultural Burning
12.74623,77.62025,303.7,286.49,17.20999999999998,0.65,0.5007752879124893,0.66,19,1,244,4,4,1.1,1.69,Transient,-1,0.539923689832207,True,ML Anomaly,3,0,0,1.25,Isolated Thermal Activity,Agricultural Burning
12.7745,80.06129,307.55,288.41,19.139999999999983,2.27,1.184789984909162,0.66,19,1,244,1,1,2.27,2.27,Transient,1,0.4660946492697174,False,Normal Thermal Pattern,0,0,0,,Isolated Thermal Activity,Agricultural Burning
8.44677,80.39247,311.66,288.1,23.56,1.85,1.0473189942805592,0.66,19,1,244,2,1,1.525,1.85,Transient,1,0.4606968615672537,False,Normal Thermal Pattern,12,5,0,6.642499999999999,Recurring Local Activity,Agricultural Burning
8.45078,80.39306,304.02,285.45,18.57,1.2,0.7884573603642702,0.66,19,1,244,2,1,1.525,1.85,Transient,1,0.4723423027254365,False,Normal Thermal Pattern,12,5,0,6.696666666666666,Recurring Local Activity,Agricultural Burning
8.00502,80.37047,334.48,296.27,38.21000000000004,6.19,1.972691171732956,0.66,8,2,245,3,1,8.596666666666666,13.41,Transient,1,0.3771287569290322,False,Normal Thermal Pattern,8,0,0,7.1525,High Local Thermal Density,Industrial Fire
8.00544,80.37373,340.09,296.69,43.39999999999998,6.19,1.972691171732956,0.66,8,2,245,3,1,8.596666666666666,13.41,Transient,1,0.3806466143372975,False,Normal Thermal Pattern,9,0,0,6.771111111111111,High Local Thermal Density,Industrial Fire
8.00556,80.37322,347.66,297.43,50.23000000000002,13.41,2.667922410011431,0.66,8,2,245,3,1,8.596666666666666,13.41,Transient,1,0.4233932103464449,False,Normal Thermal Pattern,9,0,0,5.9688888888888885,High Local Thermal Density,Industrial Fire
8.08506,80.08055,330.69,295.45,35.24000000000001,3.16,1.425515074273172,0.66,8,2,245,1,1,3.16,3.16,Transient,1,0.3574714897431101,False,Normal Thermal Pattern,6,0,0,5.603333333333333,High Local Thermal Density,Agricultural Burning
8.19724,79.91821,334.97,295.24,39.73000000000002,1.72,1.000631880307906,0.66,8,2,245,1,1,1.72,1.72,Transient,1,0.3868432658740511,False,Normal Thermal Pattern,3,0,0,10.696666666666667,Isolated Thermal Activity,Agricultural Burning
8.22195,79.94675,367.0,296.46,70.54000000000002,14.84,2.76253838638628,1.0,8,2,245,1,1,14.84,14.84,Transient,-1,0.5825645137390849,True,ML Anomaly,1,0,0,1.72,Isolated Thermal Activity,Wildfire
8.31578,80.28963,335.94,296.2,39.74000000000001,3.62,1.5303947050936475,0.66,8,2,245,2,1,3.785,3.95,Transient,1,0.3507897177357655,False,Normal Thermal Pattern,12,0,0,5.079166666666667,High Local Thermal Density,Agricultural Burning
8.31593,80.2891,330.58,296.07,34.50999999999999,3.95,1.599387576580599,0.66,8,2,245,2,1,3.785,3.95,Transient,1,0.359297832355141,False,Normal Thermal Pattern,12,0,0,5.051666666666667,High Local Thermal Density,Agricultural Burning
8.32674,80.29144,330.4,296.62,33.77999999999997,3.8,1.5686159179138452,0.66,8,2,245,1,1,3.8,3.8,Transient,1,0.3559219962227867,False,Normal Thermal Pattern,12,0,0,5.210833333333333,High Local Thermal Density,Agricultural Burning
8.3931,80.18663,330.78,297.0,33.77999999999997,2.7,1.308332819650179,0.66,8,2,245,2,2,2.88,3.06,Transient,1,0.379295895067289,False,Normal Thermal Pattern,17,5,0,10.205882352941178,Recurring Local Activity,Agricultural Burning
8.40145,80.32819,330.0,296.28,33.72000000000003,3.52,1.5085119938441398,0.66,8,2,245,2,2,3.33,3.52,Transient,1,0.3775534653230876,False,Normal Thermal Pattern,10,0,0,6.275,High Local Thermal Density,Agricultural Burning
8.40271,80.21823,351.71,297.27,54.44,9.82,2.381396273418336,0.66,8,2,245,4,2,8.0825,10.26,Transient,1,0.4522062456871392,False,Normal Thermal Pattern,10,0,0,7.212999999999999,High Local Thermal Density,Industrial Fire
8.40315,80.22147,335.06,296.61,38.44999999999999,8.58,2.259677591982769,0.66,8,2,245,4,2,8.0825,10.26,Transient,1,0.3944007371910009,False,Normal Thermal Pattern,10,0,0,7.337000000000001,High Local Thermal Density,Industrial Fire
8.40331,80.21985,367.0,298.11,68.88999999999999,10.26,2.421256622711544,1.0,8,2,245,4,2,8.0825,10.26,Transient,-1,0.5891985947656557,True,ML Anomaly,10,0,0,7.169,High Local Thermal Density,Industrial Fire
8.41479,80.38741,351.62,295.24,56.38,11.89,2.556451816951096,0.66,8,2,245,1,1,11.89,11.89,Transient,1,0.4375907779129229,False,Normal Thermal Pattern,9,0,0,4.211111111111112,High Local Thermal Density,Industrial Fire
8.41731,80.32602,336.64,291.87,44.76999999999998,6.67,2.0373166153791646,0.66,8,2,245,4,3,5.452500000000001,7.71,Transient,1,0.4106758763954559,False,Normal Thermal Pattern,8,0,0,5.9775,High Local Thermal Density,Industrial Fire
8.49523,77.96259,352.28,301.69,50.589999999999975,25.01,3.25848107946056,0.66,8,2,245,1,1,25.01,25.01,Transient,-1,0.5503284261872226,True,ML Anomaly,0,0,0,,Isolated Thermal Activity,Wildfire
8.51248,80.39674,340.13,296.46,43.670000000000016,8.26,2.225704048658088,0.66,8,2,245,1,1,8.26,8.26,Transient,1,0.3616937054035883,False,Normal Thermal Pattern,4,0,0,12.1875,Isolated Thermal Activity,Wildfire
8.51999,80.37193,367.0,293.82,73.18,20.76,3.080073421987742,1.0,8,2,245,1,1,20.76,20.76,Transient,-1,0.6410199205980851,True,ML Anomaly,8,0,0,7.54125,High Local Thermal Density,Industrial Fire
8.59435,80.45303,367.0,299.0,68.0,68.81,4.24577726598231,1.0,8,2,245,1,1,68.81,68.81,Transient,-1,0.7519470367261725,True,ML Anomaly,14,6,0,9.875714285714285,Recurring Local Activity,Industrial Fire
8.6472,77.50002,340.26,304.49,35.76999999999998,3.96,1.601405740736836,0.66,8,2,245,1,1,3.96,3.96,Transient,1,0.3515925046751157,False,Normal Thermal Pattern,2,0,0,14.12,Isolated Thermal Activity,Agricultural Burning
8.66132,80.46508,340.68,295.76,44.920000000000016,5.67,1.897619859927532,0.66,8,2,245,2,1,10.54,15.41,Transient,1,0.3773560065200724,False,Normal Thermal Pattern,7,0,0,8.94,High Local Thermal Density,Agricultural Burning
8.66491,80.46529,367.0,297.41,69.58999999999997,15.41,2.797890905102,1.0,8,2,245,2,1,10.54,15.41,Transient,-1,0.5781034679937529,True,ML Anomaly,6,0,0,6.185000000000001,High Local Thermal Density,Industrial Fire
8.68837,80.35244,338.27,295.21,43.06,4.09,1.6272778305624314,0.66,8,2,245,3,2,5.05,6.39,Transient,1,0.3826912081431918,False,Normal Thermal Pattern,8,0,0,6.06625,High Local Thermal Density,Agricultural Burning
8.69902,80.35105,332.53,296.32,36.20999999999998,4.67,1.7351891177396608,0.66,8,2,245,3,2,5.05,6.39,Transient,1,0.375101463951675,False,Normal Thermal Pattern,8,0,0,5.99375,High Local Thermal Density,Agricultural Burning
8.70691,80.45286,331.87,294.74,37.13,1.52,0.924258901523332,0.66,8,2,245,1,1,1.52,1.52,Transient,1,0.3895801400359262,False,Normal Thermal Pattern,4,0,0,10.3575,Isolated Thermal Activity,Agricultural Burning
8.75334,80.36287,337.55,295.92,41.63,5.37,1.851599469584072,0.66,8,2,245,2,1,6.27,7.17,Transient,1,0.3496278386226889,False,Normal Thermal Pattern,4,0,0,4.4625,Isolated Thermal Activity,Agricultural Burning
8.7549,80.36384,349.94,296.63,53.31,7.17,2.100468908871912,0.66,8,2,245,2,1,6.27,7.17,Transient,1,0.3967413713648864,False,Normal Thermal Pattern,4,0,0,4.0125,Isolated Thermal Activity,Agricultural Burning
8.88936,77.75757,344.57,306.66,37.90999999999997,7.23,2.1077860146889784,0.66,8,2,245,1,1,7.23,7.23,Transient,1,0.3684908708152067,False,Normal Thermal Pattern,3,0,0,8.09,Isolated Thermal Activity,Agricultural Burning
8.95637,80.38986,331.37,293.22,38.14999999999998,2.82,1.3402504226184837,0.66,8,2,245,1,1,2.82,2.82,Transient,1,0.359306399416983,False,Normal Thermal Pattern,3,0,0,4.386666666666667,Isolated Thermal Activity,Agricultural Burning
8.98586,77.47747,338.9,304.56,34.339999999999975,3.8,1.5686159179138452,0.66,8,2,245,1,1,3.8,3.8,Transient,1,0.3528134136217054,False,Normal Thermal Pattern,1,0,0,4.68,Isolated Thermal Activity,Agricultural Burning
9.04555,77.72089,341.89,305.84,36.05000000000001,5.52,1.874874375938561,0.66,8,2,245,2,1,5.55,5.58,Transient,1,0.3546094809280317,False,Normal Thermal Pattern,3,0,0,4.8933333333333335,Isolated Thermal Activity,Agricultural Burning
9.04664,77.71947,339.28,306.41,32.86999999999995,5.58,1.884034745337226,0.66,8,2,245,2,1,5.55,5.58,Transient,1,0.354630822026569,False,Normal Thermal Pattern,3,0,0,4.873333333333333,Isolated Thermal Activity,Agricultural Burning
9.12569,77.41118,334.03,303.06,30.96999999999997,2.64,1.2919836816486494,0.66,8,2,245,1,1,2.64,2.64,Transient,1,0.366273910027232,False,Normal Thermal Pattern,0,0,0,,Isolated Thermal Activity,Agricultural Burning
9.22418,80.3151,339.65,294.55,45.099999999999966,3.8,1.5686159179138452,0.66,8,2,245,1,1,3.8,3.8,Transient,1,0.3556793535906477,False,Normal Thermal Pattern,4,0,0,4.34,Isolated Thermal Activity,Agricultural Burning
9.399,80.39297,367.0,295.43,71.57,9.23,2.325324579963535,1.0,8,2,245,4,2,6.3225,9.23,Transient,-1,0.5825354548795959,True,ML Anomaly,47,14,12,8.364680851063829,Persistent Local Activity,Industrial Fire
9.40128,80.39021,334.64,295.51,39.13,6.43,2.005525858729668,0.66,8,2,245,4,2,6.3225,9.23,Transient,1,0.3877372800404495,False,Normal Thermal Pattern,46,13,12,8.492391304347825,Persistent Local Activity,Industrial Fire
9.40174,80.39365,355.52,296.04,59.47999999999996,6.43,2.005525858729668,0.66,8,2,245,4,2,6.3225,9.23,Transient,1,0.467297280461259,False,Normal Thermal Pattern,47,14,12,8.424255319148935,Persistent Local Activity,Industrial Fire
9.41664,80.35916,337.76,296.21,41.55000000000001,3.24,1.4445632692438664,0.66,8,2,245,3,2,3.2133333333333334,4.16,Transient,1,0.3838236062181892,False,Normal Thermal Pattern,27,0,10,7.092592592592593,Persistent Local Activity,Agricultural Burning
9.41911,80.42213,342.87,296.01,46.860000000000014,4.51,1.706564623164823,0.66,8,2,245,9,5,11.636666666666663,29.65,Recurring,1,0.5292754106977705,False,Normal Thermal Pattern,53,21,12,8.956603773584906,Persistent Local Activity,Agricultural Burning
9.41925,80.37983,333.82,295.94,37.88,3.58,1.5216989981260935,0.66,8,2,245,24,9,9.203333333333331,24.67,Persistent,-1,0.6187668687637757,True,ML Anomaly,45,9,11,8.278666666666666,Persistent Local Activity,Agricultural Burning
9.42202,80.35846,343.0,295.69,47.31,4.16,1.6409365794934714,0.66,8,2,245,3,2,3.2133333333333334,4.16,Transient,1,0.3963885057894398,False,Normal Thermal Pattern,26,0,9,7.171153846153846,Persistent Local Activity,Agricultural Burning
9.44849,77.66959,341.36,308.53,32.83000000000004,21.3,3.104586678466073,0.66,8,2,245,4,2,15.5375,21.3,Transient,1,0.5007212726332497,False,Normal Thermal Pattern,3,0,0,13.616666666666667,Isolated Thermal Activity,Wildfire
9.46896,78.68177,340.97,299.01,41.96000000000004,4.74,1.747459210331475,0.66,8,2,245,1,1,4.74,4.74,Transient,1,0.3494816898544075,False,Normal Thermal Pattern,0,0,0,,Isolated Thermal Activity,Agricultural Burning
9.47225,80.49359,330.81,294.56,36.25,3.9,1.589235205116581,0.66,8,2,245,2,1,3.9,3.9,Transient,1,0.3581705701001767,False,Normal Thermal Pattern,12,0,0,11.014166666666668,High Local Thermal Density,Agricultural Burning
9.47271,80.49713,339.12,294.87,44.25,3.9,1.589235205116581,0.66,8,2,245,2,1,3.9,3.9,Transient,1,0.355933792679884,False,Normal Thermal Pattern,12,0,0,11.014166666666668,High Local Thermal Density,Agricultural Burning
9.54636,80.36561,351.55,290.74,60.81,7.37,2.124653884501384,0.66,8,2,245,2,1,5.085,7.37,Transient,1,0.4341586511759066,False,Normal Thermal Pattern,4,0,0,6.720000000000001,Isolated Thermal Activity,Agricultural Burning
9.55174,80.36488,331.95,289.11,42.839999999999975,2.8,1.33500106673234,0.66,8,2,245,2,1,5.085,7.37,Transient,1,0.3795149077673025,False,Normal Thermal Pattern,4,0,0,7.862500000000001,Isolated Thermal Activity,Agricultural Burning
9.64176,80.31894,339.19,289.21,49.98000000000002,4.8,1.7578579175523736,0.66,8,2,245,1,1,4.8,4.8,Transient,1,0.3675161770472731,False,Normal Thermal Pattern,1,0,0,3.98,Isolated Thermal Activity,Agricultural Burning
9.72765,77.54507,344.84,307.1,37.73999999999995,27.73,3.3579418729911983,0.66,8,2,245,3,2,12.263333333333334,27.73,Transient,1,0.5255763636331102,False,Normal Thermal Pattern,5,0,0,4.51,High Local Thermal Density,Industrial Fire
9.80838,77.4108,333.03,302.39,30.639999999999983,2.7,1.308332819650179,0.66,8,2,245,1,1,2.7,2.7,Transient,1,0.3629560606199318,False,Normal Thermal Pattern,0,0,0,,Isolated Thermal Activity,Agricultural Burning
9.9884,77.44849,342.86,301.58,41.28000000000003,5.8,1.916922612182061,0.66,8,2,245,1,1,5.8,5.8,Transient,1,0.351257719212657,False,Normal Thermal Pattern,0,0,0,,Isolated Thermal Activity,Agricultural Burning
10.76591,78.63389,332.65,299.67,32.97999999999996,4.46,1.6974487897568136,0.66,8,2,245,1,1,4.46,4.46,Transient,1,0.3483779818576928,False,Normal Thermal Pattern,1,0,0,9.28,Isolated Thermal Activity,Agricultural Burning
10.86781,77.73611,336.59,302.33,34.25999999999999,2.79,1.332366019094335,0.66,8,2,245,2,1,4.529999999999999,6.27,Transient,1,0.3608215395949859,False,Normal Thermal Pattern,1,0,0,6.27,Isolated Thermal Activity,Agricultural Burning
10.86859,77.7392,338.51,301.4,37.110000000000014,6.27,1.983756291545428,0.66,8,2,245,2,1,4.529999999999999,6.27,Transient,1,0.3504759358269533,False,Normal Thermal Pattern,1,0,0,2.79,Isolated Thermal Activity,Agricultural Burning
11.17819,77.71023,331.93,298.86,33.06999999999999,4.45,1.6956156086751528,0.66,8,2,245,1,1,4.45,4.45,Transient,1,0.3489988171122299,False,Normal Thermal Pattern,0,0,0,,Isolated Thermal Activity,Agricultural Burning
11.72303,78.5864,332.6,293.09,39.51000000000005,5.77,1.912501086924184,0.66,8,2,245,1,1,5.77,5.77,Transient,1,0.3495283871564283,False,Normal Thermal Pattern,0,0,0,,Isolated Thermal Activity,Agricultural Burning
12.0616,77.02872,343.15,296.93,46.21999999999997,9.89,2.387844936944869,0.66,8,2,245,1,1,9.89,9.89,Transient,1,0.3814527690798127,False,Normal Thermal Pattern,0,0,0,,Isolated Thermal Activity,Wildfire
12.1201,79.1136,331.81,296.61,35.19999999999999,3.43,1.4883995840570443,0.66,8,2,245,1,1,3.43,3.43,Transient,1,0.3519883879879181,False,Normal Thermal Pattern,0,0,0,,Isolated Thermal Activity,Agricultural Burning
12.42042,78.76832,336.12,288.62,47.5,3.86,1.5810384379124025,0.66,8,2,245,1,1,3.86,3.86,Transient,1,0.3665792150367291,False,Normal Thermal Pattern,0,0,0,,Isolated Thermal Activity,Agricultural Burning
12.84747,79.90509,327.42,274.01,53.410000000000025,4.15,1.6389967146756448,0.66,19,2,245,4,1,3.28,4.15,Transient,-1,0.5448734392185505,True,ML Anomaly,5,0,0,4.0920000000000005,High Local Thermal Density,Agricultural Burning
12.84799,79.90044,306.77,275.44,31.329999999999984,4.15,1.6389967146756448,0.66,19,2,245,4,1,3.28,4.15,Transient,-1,0.5365528926029016,True,ML Anomaly,5,0,0,4.0920000000000005,High Local Thermal Density,Agricultural Burning
12.85352,79.90586,311.12,275.24,35.879999999999995,2.41,1.2267122912954254,0.66,19,2,245,4,1,3.28,4.15,Transient,1,0.5318799034605247,False,Normal Thermal Pattern,5,0,0,4.44,High Local Thermal Density,Agricultural Burning
12.85405,79.90118,300.05,275.19,24.860000000000014,2.41,1.2267122912954254,0.66,19,2,245,4,1,3.28,4.15,Transient,-1,0.5438004645812595,True,ML Anomaly,5,0,0,4.44,High Local Thermal Density,Agricultural Burning
9.55277,77.52119,315.08,285.34,29.74000000000001,3.9,1.589235205116581,0.66,19,2,245,2,2,3.345,3.9,Transient,1,0.4771994775860262,False,Normal Thermal Pattern,10,5,0,3.864,Recurring Local Activity,Agricultural Burning
9.554,77.51099,305.24,284.49,20.75,2.91,1.3635373739972745,0.66,19,2,245,1,1,2.91,2.91,Transient,1,0.4778729865191358,False,Normal Thermal Pattern,8,3,0,3.69125,Recurring Local Activity,Agricultural Burning
10.43311,77.06167,300.53,284.04,16.489999999999952,0.65,0.5007752879124893,0.66,21,2,245,2,2,7.715,14.78,Transient,-1,0.5711670791731692,True,ML Anomaly,1,0,0,14.78,Isolated Thermal Activity,Agricultural Burning
11.5922,77.26511,306.72,261.9,44.82000000000005,0.87,0.6259384308664953,0.66,21,2,245,3,2,2.8366666666666664,3.82,Transient,-1,0.5841483949707525,True,ML Anomaly,2,0,0,3.82,Isolated Thermal Activity,Agricultural Burning
8.04111,80.36721,335.65,299.88,35.76999999999998,4.65,1.7316555451583495,0.66,8,3,246,2,1,5.45,6.25,Transient,1,0.3480661263688991,False,Normal Thermal Pattern,12,0,0,7.507499999999999,High Local Thermal Density,Agricultural Burning
8.04166,80.36526,337.12,300.52,36.60000000000002,6.25,1.981001468866584,0.66,8,3,246,2,1,5.45,6.25,Transient,1,0.3484865569562895,False,Normal Thermal Pattern,11,0,0,7.582727272727272,High Local Thermal Density,Industrial Fire
8.10851,80.26566,335.08,300.44,34.639999999999986,6.21,1.9754689512968573,0.66,8,3,246,1,1,6.21,6.21,Transient,1,0.349835206477152,False,Normal Thermal Pattern,1,0,0,4.52,Isolated Thermal Activity,Agricultural Burning
8.13681,80.30009,339.45,298.84,40.610000000000014,4.52,1.7083778602890038,0.66,8,3,246,2,1,5.08,5.64,Transient,1,0.3472521816855268,False,Normal Thermal Pattern,4,0,0,3.8725,Isolated Thermal Activity,Agricultural Burning
8.14016,80.30169,338.92,299.5,39.420000000000016,5.64,1.8931119634883424,0.66,8,3,246,2,1,5.08,5.64,Transient,1,0.3441308091031742,False,Normal Thermal Pattern,4,0,0,3.0575,Isolated Thermal Activity,Agricultural Burning
8.15791,80.28943,332.48,299.72,32.75999999999999,1.95,1.0818051703517284,0.66,8,3,246,1,1,1.95,1.95,Transient,1,0.3822494781620043,False,Normal Thermal Pattern,4,0,0,3.98,Isolated Thermal Activity,Agricultural Burning
8.24988,80.14448,330.46,300.45,30.00999999999999,3.79,1.5665304114228238,0.66,8,3,246,3,1,5.82,9.88,Transient,1,0.39614658732024,False,Normal Thermal Pattern,3,0,0,5.45,Isolated Thermal Activity,Agricultural Burning
8.25367,80.14391,331.71,299.71,32.0,3.79,1.5665304114228238,0.66,8,3,246,3,1,5.82,9.88,Transient,1,0.3825123421143926,False,Normal Thermal Pattern,3,0,0,5.45,Isolated Thermal Activity,Agricultural Burning
8.26189,80.14746,337.03,299.16,37.86999999999995,9.88,2.3869262414277967,0.66,8,3,246,3,1,5.82,9.88,Transient,1,0.3833047121284272,False,Normal Thermal Pattern,3,0,0,3.42,Isolated Thermal Activity,Wildfire
8.29792,80.23779,338.58,300.57,38.00999999999999,8.52,2.253394848803274,0.66,8,3,246,2,1,7.46,8.52,Transient,1,0.3583353885370621,False,Normal Thermal Pattern,9,0,0,5.992222222222221,High Local Thermal Density,Industrial Fire
8.30173,80.23722,335.24,300.82,34.420000000000016,6.4,2.0014800002101243,0.66,8,3,246,2,1,7.46,8.52,Transient,1,0.3545535090369141,False,Normal Thermal Pattern,9,0,0,5.917777777777777,High Local Thermal Density,Industrial Fire
8.34293,80.22649,335.59,300.74,34.849999999999966,8.01,2.1983350716202463,0.66,8,3,246,1,1,8.01,8.01,Transient,1,0.3587719947434211,False,Normal Thermal Pattern,11,0,0,10.61,High Local Thermal Density,Industrial Fire
8.47183,80.29427,333.81,296.64,37.170000000000016,4.33,1.673351238177753,0.66,8,3,246,1,1,4.33,4.33,Transient,1,0.3468008073220772,False,Normal Thermal Pattern,4,0,0,8.190000000000001,Isolated Thermal Activity,Agricultural Burning
8.52691,80.46416,335.64,300.5,35.139999999999986,16.67,2.871868286331605,0.66,8,3,246,4,2,10.645,16.67,Transient,1,0.4478731721462,False,Normal Thermal Pattern,10,0,0,7.388,High Local Thermal Density,Industrial Fire
8.5717,80.36332,336.6,302.17,34.43000000000001,7.65,2.157559320943788,0.66,8,3,246,4,2,5.7775,7.65,Transient,1,0.3906854166800452,False,Normal Thermal Pattern,9,0,0,4.807777777777777,High Local Thermal Density,Industrial Fire
8.6019,80.48138,334.03,300.12,33.90999999999997,11.17,2.498973906999436,0.66,8,3,246,6,2,13.891666666666666,29.81,Recurring,1,0.4923786100440593,False,Normal Thermal Pattern,8,5,0,19.72625,Recurring Local Activity,Industrial Fire
8.60403,80.47799,339.18,303.04,36.13999999999999,14.05,2.711377991194885,0.66,8,3,246,6,2,13.891666666666666,29.81,Recurring,1,0.4869741155134531,False,Normal Thermal Pattern,8,5,0,19.36625,Recurring Local Activity,Industrial Fire
8.60675,77.96529,339.2,303.99,35.20999999999998,4.94,1.7817091333745536,0.66,8,3,246,7,6,9.955714285714285,22.28,Recurring,1,0.5043431609713638,False,Normal Thermal Pattern,8,6,0,9.29125,Recurring Local Activity,Agricultural Burning
8.6072,80.47253,342.52,301.22,41.29999999999996,9.22,2.3243465847755584,0.66,8,3,246,6,2,13.891666666666666,29.81,Recurring,1,0.4818260907691653,False,Normal Thermal Pattern,8,5,0,19.97,Recurring Local Activity,Industrial Fire
8.60831,80.47046,337.84,299.79,38.04999999999996,5.32,1.843719208158766,0.66,8,3,246,6,2,13.891666666666666,29.81,Recurring,1,0.4771148218737069,False,Normal Thermal Pattern,7,5,0,22.558571428571423,Recurring Local Activity,Agricultural Burning
8.61016,77.96478,338.69,304.46,34.23000000000002,3.89,1.5871923034867808,0.66,8,3,246,7,6,9.955714285714285,22.28,Recurring,1,0.5153467437480894,False,Normal Thermal Pattern,8,6,0,9.4225,Recurring Local Activity,Agricultural Burning
8.6202,77.77351,354.2,313.01,41.19,23.1,3.1822118404966093,0.66,8,3,246,2,1,27.545,31.99,Transient,-1,0.5807146530142093,True,ML Anomaly,2,0,0,20.825,Isolated Thermal Activity,Wildfire
8.62075,77.77719,348.05,312.84,35.21000000000004,31.99,3.49620448524049,0.66,8,3,246,2,1,27.545,31.99,Transient,-1,0.5829580528357776,True,ML Anomaly,2,0,0,16.380000000000003,Isolated Thermal Activity,Wildfire
8.63179,80.41209,348.45,301.29,47.15999999999997,15.23,2.7868613815265,0.66,8,3,246,2,2,11.51,15.23,Transient,1,0.4314812428347706,False,Normal Thermal Pattern,16,0,0,6.3125,High Local Thermal Density,Industrial Fire
8.74555,80.33832,334.07,298.9,35.170000000000016,5.26,1.8341801851120072,0.66,8,3,246,1,1,5.26,5.26,Transient,1,0.3457412623858124,False,Normal Thermal Pattern,4,0,0,4.489999999999999,Isolated Thermal Activity,Agricultural Burning
8.81242,78.05347,342.91,305.82,37.09000000000003,8.02,2.199444334074532,0.66,8,3,246,1,1,8.02,8.02,Transient,1,0.366964691018559,False,Normal Thermal Pattern,0,0,0,,Isolated Thermal Activity,Wildfire
8.83873,77.68748,339.97,309.13,30.840000000000032,7.33,2.119863456178752,0.66,8,3,246,1,1,7.33,7.33,Transient,1,0.3757930283190291,False,Normal Thermal Pattern,2,0,0,3.31,Isolated Thermal Activity,Agricultural Burning
8.86602,78.08418,348.47,306.22,42.25,13.83,2.696652156149841,0.66,8,3,246,4,3,10.7475,13.83,Transient,1,0.4618200577783442,False,Normal Thermal Pattern,5,0,0,6.581999999999999,High Local Thermal Density,Industrial Fire
8.90981,80.42682,337.02,301.9,35.120000000000005,6.22,1.9768549529047348,0.66,8,3,246,5,4,8.476,18.71,Recurring,1,0.4419566179865541,False,Normal Thermal Pattern,8,4,0,7.922499999999999,Recurring Local Activity,Industrial Fire
8.91155,80.35648,343.79,301.61,42.18000000000001,8.92,2.294552921296781,0.66,8,3,246,2,1,8.344999999999999,8.92,Transient,1,0.3688542535748533,False,Normal Thermal Pattern,4,0,0,5.2325,Isolated Thermal Activity,Wildfire
8.91308,80.35413,342.71,301.13,41.579999999999984,7.77,2.171336806384092,0.66,8,3,246,2,1,8.344999999999999,8.92,Transient,1,0.3609337418656369,False,Normal Thermal Pattern,3,0,0,6.316666666666666,Isolated Thermal Activity,Agricultural Burning
8.94545,77.81496,344.36,308.85,35.50999999999999,17.83,2.935451342669061,0.66,8,3,246,1,1,17.83,17.83,Transient,1,0.4558567219398715,False,Normal Thermal Pattern,2,0,0,4.075,Isolated Thermal Activity,Wildfire
8.9933,78.1157,337.51,304.75,32.75999999999999,5.51,1.873339456220478,0.66,8,3,246,2,1,5.51,5.51,Transient,1,0.3519586177858022,False,Normal Thermal Pattern,1,0,0,5.51,Isolated Thermal Activity,Agricultural Burning
8.99674,78.11518,340.06,305.42,34.639999999999986,5.51,1.873339456220478,0.66,8,3,246,2,1,5.51,5.51,Transient,1,0.352805791935054,False,Normal Thermal Pattern,1,0,0,5.51,Isolated Thermal Activity,Agricultural Burning
9.09089,79.79725,345.69,301.97,43.71999999999997,47.93,3.890390705301032,0.66,8,3,246,1,1,47.93,47.93,Transient,-1,0.6503520558345532,True,ML Anomaly,0,0,0,,Isolated Thermal Activity,Wildfire
9.1417,80.27109,339.59,299.36,40.22999999999996,5.97,1.9416152247724323,0.66,8,3,246,1,1,5.97,5.97,Transient,1,0.345265774378446,False,Normal Thermal Pattern,5,0,0,4.774,High Local Thermal Density,Agricultural Burning
9.21627,78.64738,335.65,302.15,33.5,11.12,2.494856980641168,0.66,8,3,246,1,1,11.12,11.12,Transient,1,0.3895506642482677,False,Normal Thermal Pattern,1,0,0,1.05,Isolated Thermal Activity,Wildfire
9.25096,77.98447,343.73,303.2,40.53000000000003,48.71,3.906206120106581,0.66,8,3,246,1,1,48.71,48.71,Transient,-1,0.6541557245458872,True,ML Anomaly,1,0,0,2.97,Isolated Thermal Activity,Wildfire
9.38139,78.7643,336.4,299.81,36.589999999999975,4.09,1.6272778305624314,0.66,8,3,246,1,1,4.09,4.09,Transient,1,0.3464649486637922,False,Normal Thermal Pattern,3,0,0,3.5933333333333333,Isolated Thermal Activity,Agricultural Burning
9.40306,80.45114,344.19,300.73,43.45999999999998,17.65,2.9258461460898246,0.66,8,3,246,2,2,12.114999999999998,17.65,Transient,1,0.4391720336378973,False,Normal Thermal Pattern,36,26,0,9.856111111111112,Recurring Local Activity,Industrial Fire
9.40516,80.46627,340.88,300.69,40.19,11.33,2.512035317176253,0.66,8,3,246,10,5,9.654,12.91,Recurring,1,0.498690960407474,False,Normal Thermal Pattern,26,17,0,9.296923076923076,Recurring Local Activity,Industrial Fire
9.40838,80.46066,339.16,301.47,37.69,8.48,2.2491843162669305,0.66,8,3,246,10,5,9.654,12.91,Recurring,1,0.4923195524851776,False,Normal Thermal Pattern,31,22,0,9.8558064516129,Recurring Local Activity,Industrial Fire
9.40985,78.81035,339.93,299.81,40.120000000000005,5.62,1.890095369948917,0.66,8,3,246,3,2,3.71,5.62,Transient,1,0.3754692279724804,False,Normal Thermal Pattern,3,0,0,3.5499999999999994,Isolated Thermal Activity,Agricultural Burning
9.42013,80.45897,336.83,300.42,36.40999999999997,8.46,2.247072383063787,0.66,8,3,246,10,5,9.654,12.91,Recurring,1,0.4917597378047219,False,Normal Thermal Pattern,37,22,0,9.792432432432433,Recurring Local Activity,Industrial Fire
9.46056,80.46106,333.75,301.14,32.610000000000014,5.32,1.843719208158766,0.66,8,3,246,1,1,5.32,5.32,Transient,1,0.3495706388922492,False,Normal Thermal Pattern,15,2,0,10.285333333333334,Recurring Local Activity,Agricultural Burning
9.73456,77.55122,337.71,305.79,31.91999999999996,6.46,2.009555414215669,0.66,8,3,246,3,2,12.263333333333334,27.73,Transient,1,0.4434720731468067,False,Normal Thermal Pattern,5,0,0,8.764000000000001,High Local Thermal Density,Industrial Fire
9.85865,78.18647,337.09,302.06,35.02999999999997,9.4,2.341805806147327,0.66,8,3,246,2,2,6.11,9.4,Transient,1,0.3840857234421989,False,Normal Thermal Pattern,1,0,0,2.82,Isolated Thermal Activity,Wildfire
9.96128,78.07182,336.64,304.12,32.51999999999998,4.62,1.7263316639055997,0.66,8,3,246,2,1,4.62,4.62,Transient,1,0.3528047294939135,False,Normal Thermal Pattern,3,0,0,4.996666666666666,Isolated Thermal Activity,Agricultural Burning
9.96184,78.0757,340.11,306.26,33.85000000000002,4.62,1.7263316639055997,0.66,8,3,246,2,1,4.62,4.62,Transient,1,0.3558736006148322,False,Normal Thermal Pattern,3,0,0,4.996666666666666,Isolated Thermal Activity,Agricultural Burning
9.97086,78.1619,338.94,305.27,33.670000000000016,10.42,2.435366204227864,0.66,8,3,246,1,1,10.42,10.42,Transient,1,0.3863427680052149,False,Normal Thermal Pattern,0,0,0,,Isolated Thermal Activity,Wildfire
9.99129,78.08318,338.8,304.35,34.44999999999999,6.7,2.0412203288596382,0.66,8,3,246,1,1,6.7,6.7,Transient,1,0.3545738826868371,False,Normal Thermal Pattern,3,0,0,4.253333333333333,Isolated Thermal Activity,Agricultural Burning
10.11128,77.65968,349.06,306.96,42.10000000000002,6.72,2.0438143640366846,0.66,8,3,246,3,1,7.169999999999999,8.07,Transient,1,0.4004377273544485,False,Normal Thermal Pattern,2,0,0,7.395,Isolated Thermal Activity,Agricultural Burning
10.11183,77.66344,343.37,308.57,34.80000000000001,6.72,2.0438143640366846,0.66,8,3,246,3,1,7.169999999999999,8.07,Transient,1,0.3829362779097855,False,Normal Thermal Pattern,2,0,0,7.395,Isolated Thermal Activity,Agricultural Burning
10.11921,77.66613,342.56,308.33,34.23000000000002,8.07,2.2049722641270453,0.66,8,3,246,3,1,7.169999999999999,8.07,Transient,1,0.385816982108678,False,Normal Thermal Pattern,2,0,0,6.72,Isolated Thermal Activity,Wildfire
10.23588,79.19627,338.92,303.12,35.80000000000001,9.69,2.3693087250369538,0.66,8,3,246,2,2,7.369999999999999,9.69,Transient,1,0.3868443823776066,False,Normal Thermal Pattern,1,0,0,5.05,Isolated Thermal Activity,Wildfire
10.67869,78.942,335.66,296.53,39.13000000000005,7.36,2.1234584270966104,0.66,8,3,246,1,1,7.36,7.36,Transient,1,0.3546714621769415,False,Normal Thermal Pattern,0,0,0,,Isolated Thermal Activity,Agricultural Burning
10.74984,78.97149,332.9,295.07,37.829999999999984,3.0,1.3862943611198906,0.66,8,3,246,1,1,3.0,3.0,Transient,1,0.3558969766032617,False,Normal Thermal Pattern,0,0,0,,Isolated Thermal Activity,Agricultural Burning
10.78625,77.79347,343.36,305.5,37.860000000000014,9.5,2.3513752571634776,0.66,8,3,246,1,1,9.5,9.5,Transient,1,0.3800752911279669,False,Normal Thermal Pattern,0,0,0,,Isolated Thermal Activity,Wildfire
10.82759,77.76785,337.1,300.51,36.59000000000003,2.88,1.355835153635182,0.66,8,3,246,1,1,2.88,2.88,Transient,1,0.3555036155605782,False,Normal Thermal Pattern,0,0,0,,Isolated Thermal Activity,Agricultural Burning
10.84841,78.50124,347.91,299.73,48.18000000000001,10.66,2.4561641809223462,0.66,8,3,246,1,1,10.66,10.66,Transient,1,0.3987537797073847,False,Normal Thermal Pattern,0,0,0,,Isolated Thermal Activity,Wildfire
11.00386,79.25903,335.16,300.72,34.44,2.95,1.3737155789130306,0.66,8,3,246,1,1,2.95,2.95,Transient,1,0.355856675168936,False,Normal Thermal Pattern,2,0,0,5.574999999999999,Isolated Thermal Activity,Agricultural Burning
11.18612,79.70135,330.95,299.27,31.680000000000007,5.73,1.9065751436566365,0.66,8,3,246,1,1,5.73,5.73,Transient,1,0.3546464035191853,False,Normal Thermal Pattern,0,0,0,,Isolated Thermal Activity,Agricultural Burning
11.39026,78.14157,341.79,296.62,45.170000000000016,3.98,1.6054298910365616,0.66,8,3,246,1,1,3.98,3.98,Transient,1,0.3559165621762994,False,Normal Thermal Pattern,0,0,0,,Isolated Thermal Activity,Agricultural Burning
11.45467,77.59742,332.46,294.74,37.71999999999997,2.43,1.2325602611778486,0.66,8,3,246,1,1,2.43,2.43,Transient,1,0.3693368262208342,False,Normal Thermal Pattern,0,0,0,,Isolated Thermal Activity,Agricultural Burning
11.50959,79.52499,333.9,290.66,43.23999999999995,5.71,1.9035989509835904,0.66,8,3,246,1,1,5.71,5.71,Transient,1,0.3556242077255443,False,Normal Thermal Pattern,0,0,0,,Isolated Thermal Activity,Agricultural Burning
13.24685,76.39126,339.05,287.26,51.79000000000002,5.27,1.8357763546448287,0.66,8,3,246,1,1,5.27,5.27,Transient,1,0.3804438961780985,False,Normal Thermal Pattern,0,0,0,,Isolated Thermal Activity,Agricultural Burning
9.5471,77.52013,308.51,288.67,19.83999999999997,2.79,1.332366019094335,0.66,20,3,246,2,2,3.345,3.9,Transient,1,0.4822082802497445,False,Normal Thermal Pattern,9,4,0,3.9922222222222223,Recurring Local Activity,Agricultural Burning
9.73405,77.55091,312.29,291.43,20.860000000000014,2.6,1.2809338454620642,0.66,20,3,246,3,2,12.263333333333334,27.73,Transient,-1,0.5578966337418314,True,ML Anomaly,5,0,0,9.535999999999998,High Local Thermal Density,Agricultural Burning
11.10315,77.76294,306.76,289.5,17.25999999999999,0.94,0.6626879730752367,0.66,20,3,246,1,1,0.94,0.94,Transient,1,0.4606641725369097,False,Normal Thermal Pattern,0,0,0,,Isolated Thermal Activity,Agricultural Burning
11.18059,79.10029,313.59,290.21,23.379999999999995,1.28,0.8241754429663494,0.66,20,3,246,6,4,1.3433333333333335,2.15,Recurring,1,0.5296896968722231,False,Normal Thermal Pattern,5,5,0,1.356,Recurring Local Activity,Agricultural Burning
8.02827,80.35555,342.88,303.56,39.31999999999999,5.42,1.8594181177018696,0.66,7,4,247,2,2,6.305,7.19,Transient,1,0.379289880918044,False,Normal Thermal Pattern,9,0,0,6.903333333333332,High Local Thermal Density,Agricultural Burning
8.23799,80.32517,332.47,298.48,33.99000000000001,0.89,0.636576829071551,0.66,7,4,247,2,2,1.9,2.91,Transient,1,0.437280089619393,False,Normal Thermal Pattern,10,0,0,4.866,High Local Thermal Density,Agricultural Burning
8.39051,80.33973,349.25,305.27,43.98000000000002,6.3,1.9878743481543453,0.66,7,4,247,1,1,6.3,6.3,Transient,1,0.3886679474812989,False,Normal Thermal Pattern,8,0,0,5.401250000000001,High Local Thermal Density,Industrial Fire
8.56557,80.39687,333.19,302.98,30.20999999999998,3.96,1.601405740736836,0.66,7,4,247,2,2,3.47,3.96,Transient,1,0.3893401197461749,False,Normal Thermal Pattern,10,0,0,6.808,High Local Thermal Density,Agricultural Burning
8.62998,80.41513,343.79,306.34,37.450000000000045,7.79,2.173614711697085,0.66,7,4,247,2,2,11.51,15.23,Transient,1,0.4100330598266216,False,Normal Thermal Pattern,16,0,0,6.7775,High Local Thermal Density,Industrial Fire
8.66461,80.39914,342.22,305.78,36.440000000000055,5.09,1.8066480817218056,0.66,7,4,247,1,1,5.09,5.09,Transient,1,0.3630927248394219,False,Normal Thermal Pattern,12,0,0,7.2575,High Local Thermal Density,Agricultural Burning
8.66645,80.25687,338.37,304.43,33.94,6.17,1.969905654611529,0.66,7,4,247,2,1,6.17,6.17,Transient,1,0.3646000618911046,False,Normal Thermal Pattern,2,0,0,6.47,Isolated Thermal Activity,Agricultural Burning
8.66974,80.25637,346.19,303.78,42.410000000000025,6.17,1.969905654611529,0.66,7,4,247,2,1,6.17,6.17,Transient,1,0.3755485930859852,False,Normal Thermal Pattern,2,0,0,6.47,Isolated Thermal Activity,Agricultural Burning
8.8539,80.49944,336.49,299.6,36.88999999999999,4.22,1.6524974018945473,0.66,7,4,247,1,1,4.22,4.22,Transient,1,0.354752103241707,False,Normal Thermal Pattern,2,0,0,6.199999999999999,Isolated Thermal Activity,Agricultural Burning
8.67037,77.99406,336.26,305.55,30.70999999999998,6.68,2.038619547159581,0.33,7,4,247,1,1,6.68,6.68,Transient,1,0.444446417832156,False,Normal Thermal Pattern,1,0,0,1.52,Isolated Thermal Activity,Agricultural Burning
8.92298,80.40017,340.83,301.79,39.03999999999997,3.13,1.4182774069729414,0.66,7,4,247,1,1,3.13,3.13,Transient,1,0.3700454051236952,False,Normal Thermal Pattern,11,5,0,7.505454545454544,Recurring Local Activity,Agricultural Burning
9.03487,80.21505,332.04,297.56,34.48000000000002,2.6,1.2809338454620642,0.66,7,4,247,1,1,2.6,2.6,Transient,1,0.3749172680297945,False,Normal Thermal Pattern,3,0,0,7.413333333333333,Isolated Thermal Activity,Agricultural Burning
9.10257,80.2827,333.98,302.89,31.090000000000032,2.8,1.33500106673234,0.66,7,4,247,2,2,2.95,3.1,Transient,1,0.3936284969848285,False,Normal Thermal Pattern,9,0,0,5.2988888888888885,High Local Thermal Density,Agricultural Burning
9.14291,78.26405,337.37,304.86,32.50999999999999,4.73,1.7457155307266483,0.33,7,4,247,2,1,4.7,4.73,Transient,1,0.4421278621259131,False,Normal Thermal Pattern,1,0,0,4.67,Isolated Thermal Activity,Agricultural Burning
9.14391,78.26399,338.19,305.32,32.870000000000005,4.67,1.7351891177396608,0.33,7,4,247,2,1,4.7,4.73,Transient,1,0.4425150301809438,False,Normal Thermal Pattern,1,0,0,4.73,Isolated Thermal Activity,Agricultural Burning
9.35835,78.81918,335.56,301.0,34.56,3.34,1.4678743481123135,0.33,7,4,247,1,1,3.34,3.34,Transient,1,0.4423489078353718,False,Normal Thermal Pattern,2,0,0,18.31,Isolated Thermal Activity,Agricultural Burning
9.39725,80.44811,344.19,301.66,42.52999999999997,6.58,2.0255131996542803,0.66,7,4,247,2,2,12.114999999999998,17.65,Transient,1,0.4115321917986922,False,Normal Thermal Pattern,35,26,0,9.992571428571429,Recurring Local Activity,Industrial Fire
9.39895,80.43722,335.38,304.15,31.23000000000001,5.29,1.8389610707123487,0.66,7,4,247,6,5,5.973333333333334,8.13,Recurring,1,0.4625000608220357,False,Normal Thermal Pattern,48,25,8,9.63125,Persistent Local Activity,Agricultural Burning
9.40358,80.29104,344.85,303.02,41.83000000000004,7.0,2.079441541679836,0.66,7,4,247,2,1,10.45,13.9,Transient,1,0.3868783230100504,False,Normal Thermal Pattern,2,0,0,11.46,Isolated Thermal Activity,Agricultural Burning
9.40687,80.29053,344.61,302.53,42.08000000000004,13.9,2.7013612129514133,0.66,7,4,247,2,1,10.45,13.9,Transient,1,0.4017569310538017,False,Normal Thermal Pattern,2,0,0,8.01,Isolated Thermal Activity,Wildfire
9.42775,80.38309,338.73,303.62,35.110000000000014,4.79,1.7561322915849038,0.66,7,4,247,1,1,10.52,10.52,Transient,1,0.3792208572114921,False,Normal Thermal Pattern,45,9,12,8.251777777777777,Persistent Local Activity,Agricultural Burning
9.44964,80.48254,345.3,301.94,43.360000000000014,8.56,2.25758772706331,0.66,7,4,247,1,1,8.56,8.56,Transient,1,0.3839119475601951,False,Normal Thermal Pattern,16,4,0,10.778125,Recurring Local Activity,Industrial Fire
9.72387,78.35549,334.19,305.43,28.75999999999999,5.33,1.8453002361560848,0.33,7,4,247,1,1,5.33,5.33,Transient,1,0.4408059991352356,False,Normal Thermal Pattern,2,0,0,8.43,Isolated Thermal Activity,Agricultural Burning
9.82854,77.56429,338.99,303.65,35.34000000000003,5.62,1.890095369948917,0.66,7,4,247,1,1,5.62,5.62,Transient,1,0.356574077205131,False,Normal Thermal Pattern,1,0,0,2.07,Isolated Thermal Activity,Agricultural Burning
9.82879,78.55407,334.45,302.71,31.74000000000001,2.01,1.1019400787607845,0.33,7,4,247,1,1,2.01,2.01,Transient,1,0.4707436840627663,False,Normal Thermal Pattern,0,0,0,,Isolated Thermal Activity,Agricultural Burning
10.23521,79.19682,336.6,302.56,34.04000000000002,5.05,1.80005827204275,0.33,7,4,247,2,2,7.369999999999999,9.69,Transient,1,0.4641452188852875,False,Normal Thermal Pattern,1,0,0,9.69,Isolated Thermal Activity,Agricultural Burning
10.87023,79.84801,337.26,301.77,35.49000000000001,3.23,1.4422019930581866,0.66,7,4,247,2,2,4.6,5.97,Transient,1,0.3833408848685251,False,Normal Thermal Pattern,1,0,0,5.97,Isolated Thermal Activity,Agricultural Burning
9.71209,80.08627,306.74,291.97,14.769999999999982,2.35,1.208960345836975,0.66,20,4,247,1,1,2.35,2.35,Transient,1,0.4757038226330894,False,Normal Thermal Pattern,0,0,0,,Isolated Thermal Activity,Agricultural Burning
9.80522,77.56261,315.54,292.58,22.96000000000004,2.07,1.1216775615991057,0.66,20,4,247,1,1,2.07,2.07,Transient,1,0.4583336234246667,False,Normal Thermal Pattern,1,0,0,5.62,Isolated Thermal Activity,Agricultural Burning
9.97884,76.37681,302.32,286.96,15.360000000000014,1.63,0.9669838461896731,0.66,20,4,247,2,2,1.2999999999999998,1.63,Transient,1,0.4833721697932553,False,Normal Thermal Pattern,1,0,0,0.97,Isolated Thermal Activity,Agricultural Burning
10.61504,77.50061,309.05,292.05,17.0,1.42,0.883767540168595,0.66,20,4,247,1,1,1.42,1.42,Transient,1,0.4513300898513334,False,Normal Thermal Pattern,0,0,0,,Isolated Thermal Activity,Agricultural Burning
10.92628,78.4984,314.41,291.57,22.840000000000032,4.48,1.7011051009599245,0.66,20,4,247,2,2,4.055,4.48,Transient,1,0.4817304732733228,False,Normal Thermal Pattern,4,0,0,4.215,Isolated Thermal Activity,Agricultural Burning
11.2685,80.00368,331.73,291.25,40.48000000000002,4.56,1.715598108262491,0.66,20,4,247,6,6,3.0966666666666662,7.53,Recurring,-1,0.5581972291898799,True,ML Anomaly,5,5,0,2.804,Recurring Local Activity,Agricultural Burning
11.51788,77.70787,308.15,283.35,24.799999999999955,1.62,0.9631743177730056,0.66,20,4,247,2,1,1.55,1.62,Transient,1,0.4563443357818038,False,Normal Thermal Pattern,1,0,0,1.48,Isolated Thermal Activity,Agricultural Burning
11.5186,77.70729,303.15,284.04,19.10999999999996,1.48,0.9082585601768908,0.66,20,4,247,2,1,1.55,1.62,Transient,1,0.4689616626451361,False,Normal Thermal Pattern,1,0,0,1.62,Isolated Thermal Activity,Agricultural Burning
11.80936,77.92444,308.01,293.29,14.71999999999997,3.41,1.483874689458755,0.66,20,4,247,10,5,2.316,3.41,Recurring,-1,0.5884995434648892,True,ML Anomaly,9,9,0,2.1944444444444446,Recurring Local Activity,Agricultural Burning
11.80959,77.92345,311.3,293.37,17.930000000000007,3.31,1.4609379041156565,0.66,20,4,247,10,5,2.316,3.41,Recurring,-1,0.581040833790567,True,ML Anomaly,9,9,0,2.205555555555556,Recurring Local Activity,Agricultural Burning
11.81003,77.92034,318.11,292.86,25.25,3.41,1.483874689458755,0.66,20,4,247,10,5,2.316,3.41,Recurring,-1,0.5799454249529966,True,ML Anomaly,9,9,0,2.1944444444444446,Recurring Local Activity,Agricultural Burning
11.81028,77.91938,314.3,292.58,21.720000000000027,3.31,1.4609379041156565,0.66,20,4,247,10,5,2.316,3.41,Recurring,-1,0.5787412360386689,True,ML Anomaly,9,9,0,2.205555555555556,Recurring Local Activity,Agricultural Burning
12.01868,76.65131,303.06,288.79,14.269999999999982,0.73,0.5481214085096876,0.66,20,4,247,2,1,0.765,0.8,Transient,1,0.476298086648749,False,Normal Thermal Pattern,1,0,0,0.8,Isolated Thermal Activity,Agricultural Burning
12.02063,76.65154,304.14,288.89,15.25,0.8,0.5877866649021191,0.66,20,4,247,2,1,0.765,0.8,Transient,1,0.4726896253647263,False,Normal Thermal Pattern,1,0,0,0.73,Isolated Thermal Activity,Agricultural Burning
12.71426,76.89852,307.39,290.9,16.49000000000001,0.68,0.5187937934151675,0.66,20,4,247,1,1,0.68,0.68,Transient,1,0.4764501455263469,False,Normal Thermal Pattern,0,0,0,,Isolated Thermal Activity,Agricultural Burning
8.04815,80.00616,335.02,296.88,38.13999999999999,7.4,2.128231705849268,0.66,7,5,248,2,2,6.725,7.4,Transient,1,0.3784338027167035,False,Normal Thermal Pattern,4,0,0,15.9525,Isolated Thermal Activity,Agricultural Burning
8.2525,80.25742,331.97,302.73,29.24000000000001,3.74,1.556037135706985,0.33,7,5,248,3,2,8.446666666666667,10.8,Transient,1,0.4871690688147687,False,Normal Thermal Pattern,4,0,0,7.9125,Isolated Thermal Activity,Agricultural Burning
8.25539,80.32426,333.93,298.68,35.25,3.19,1.4327007339340465,0.66,7,5,248,4,3,5.815,8.67,Transient,1,0.4160323849597594,False,Normal Thermal Pattern,11,0,0,4.64,High Local Thermal Density,Agricultural Burning
8.25945,80.32359,345.26,300.31,44.94999999999999,6.93,2.0706530356467567,0.66,7,5,248,4,3,5.815,8.67,Transient,1,0.4276911229062002,False,Normal Thermal Pattern,10,0,0,4.404999999999999,High Local Thermal Density,Industrial Fire
8.40236,80.42842,335.3,296.38,38.920000000000016,4.55,1.713797927758343,0.66,7,5,248,3,2,5.613333333333333,7.74,Transient,1,0.3786494744734112,False,Normal Thermal Pattern,10,0,0,5.219,High Local Thermal Density,Agricultural Burning
8.40295,80.43198,339.07,296.54,42.52999999999997,4.55,1.713797927758343,0.66,7,5,248,3,2,5.613333333333333,7.74,Transient,1,0.3836095411652578,False,Normal Thermal Pattern,9,0,0,4.477777777777778,High Local Thermal Density,Agricultural Burning
8.42342,80.3809,336.8,296.24,40.56,4.34,1.6752256529721037,0.66,7,5,248,2,1,4.34,4.34,Transient,1,0.3549259873830647,False,Normal Thermal Pattern,7,0,0,5.38857142857143,High Local Thermal Density,Agricultural Burning
8.42401,80.38447,336.58,296.12,40.45999999999998,4.34,1.6752256529721037,0.66,7,5,248,2,1,4.34,4.34,Transient,1,0.3551106440628204,False,Normal Thermal Pattern,9,2,0,6.022222222222222,Recurring Local Activity,Agricultural Burning
8.44334,80.19783,340.25,297.98,42.26999999999998,7.97,2.1938856760707046,0.66,7,5,248,3,3,7.913333333333333,9.42,Transient,1,0.4084457758432008,False,Normal Thermal Pattern,6,0,0,6.7316666666666665,High Local Thermal Density,Industrial Fire
8.5738,80.39909,331.1,300.58,30.52000000000004,2.98,1.3812818192963463,0.66,7,5,248,2,2,3.47,3.96,Transient,1,0.3958870669680921,False,Normal Thermal Pattern,13,0,0,6.343846153846154,High Local Thermal Density,Agricultural Burning
8.62455,77.91331,335.09,296.57,38.51999999999998,6.53,2.018895041811802,0.66,7,5,248,1,1,6.53,6.53,Transient,1,0.3580507314575986,False,Normal Thermal Pattern,1,0,0,5.13,Isolated Thermal Activity,Agricultural Burning
8.62842,77.79488,343.54,300.2,43.34000000000003,9.66,2.3664984187376983,0.66,7,5,248,1,1,9.66,9.66,Transient,1,0.3859582659686565,False,Normal Thermal Pattern,3,0,0,20.37333333333333,Isolated Thermal Activity,Wildfire
8.63003,80.38985,346.0,300.73,45.26999999999998,9.6,2.360854001118021,0.66,7,5,248,2,2,9.2,9.6,Transient,1,0.4090113799759615,False,Normal Thermal Pattern,16,0,0,6.455625,High Local Thermal Density,Industrial Fire
8.74177,77.40366,340.22,301.53,38.690000000000055,10.53,2.444952334280968,0.66,7,5,248,1,1,10.53,10.53,Transient,1,0.3843347864426535,False,Normal Thermal Pattern,1,0,0,4.35,Isolated Thermal Activity,Wildfire
8.74992,77.84068,335.67,298.97,36.69999999999999,15.53,2.805176911832933,0.66,7,5,248,1,1,15.53,15.53,Transient,1,0.426503618614833,False,Normal Thermal Pattern,2,0,0,6.88,Isolated Thermal Activity,Wildfire
8.77072,80.10439,333.71,299.01,34.69999999999999,3.88,1.5851452198650555,0.66,7,5,248,1,1,3.88,3.88,Transient,1,0.3582340873715272,False,Normal Thermal Pattern,0,0,0,,Isolated Thermal Activity,Agricultural Burning
8.84348,78.11538,332.2,298.73,33.46999999999997,3.27,1.451613827240533,0.66,7,5,248,1,1,3.27,3.27,Transient,1,0.3629703998070554,False,Normal Thermal Pattern,5,0,0,8.693999999999999,High Local Thermal Density,Agricultural Burning
8.84688,77.52462,344.05,303.55,40.5,11.27,2.50715725872282,0.66,7,5,248,1,1,11.27,11.27,Transient,1,0.3936881012890766,False,Normal Thermal Pattern,1,0,0,6.23,Isolated Thermal Activity,Wildfire
8.87289,77.61432,343.61,301.85,41.75999999999999,7.78,2.172476407647025,0.66,7,5,248,1,1,7.78,7.78,Transient,1,0.3709800192924121,False,Normal Thermal Pattern,2,0,0,4.140000000000001,Isolated Thermal Activity,Agricultural Burning
9.0763,80.40665,345.22,300.6,44.620000000000005,10.5,2.4423470353692043,0.66,7,5,248,1,1,10.5,10.5,Transient,1,0.3957077961711052,False,Normal Thermal Pattern,0,0,0,,Isolated Thermal Activity,Wildfire
9.3084,78.79866,339.66,297.82,41.84000000000003,3.98,1.6054298910365616,0.66,7,5,248,1,1,3.98,3.98,Transient,1,0.3582619806611228,False,Normal Thermal Pattern,2,0,0,17.835,Isolated Thermal Activity,Agricultural Burning
9.33327,77.42467,339.48,296.24,43.24000000000001,4.67,1.7351891177396608,0.66,7,5,248,2,2,2.62,4.67,Transient,1,0.3882461710643947,False,Normal Thermal Pattern,3,0,0,3.546666666666667,Isolated Thermal Activity,Agricultural Burning
9.37131,80.31544,343.55,299.78,43.77000000000004,9.02,2.3045830956567186,0.66,7,5,248,1,1,9.02,9.02,Transient,1,0.3789898579279819,False,Normal Thermal Pattern,3,0,0,7.789999999999999,Isolated Thermal Activity,Wildfire
9.39154,78.88762,338.73,299.34,39.39000000000004,4.61,1.724550719534605,0.66,7,5,248,5,2,4.298,4.69,Recurring,1,0.4092830901876974,False,Normal Thermal Pattern,5,4,0,5.0840000000000005,Recurring Local Activity,Agricultural Burning
9.39205,78.88804,340.54,298.99,41.55000000000001,4.69,1.7387102481382395,0.66,7,5,248,5,2,4.298,4.69,Recurring,1,0.4144068326028816,False,Normal Thermal Pattern,5,4,0,5.068,Recurring Local Activity,Agricultural Burning
9.39592,78.88686,336.72,298.79,37.93000000000001,4.61,1.724550719534605,0.66,7,5,248,5,2,4.298,4.69,Recurring,1,0.4089076785567574,False,Normal Thermal Pattern,5,4,0,5.0840000000000005,Recurring Local Activity,Agricultural Burning
9.39643,78.8873,333.15,298.66,34.48999999999995,4.69,1.7387102481382395,0.66,7,5,248,5,2,4.298,4.69,Recurring,1,0.4120859826337325,False,Normal Thermal Pattern,5,4,0,5.068,Recurring Local Activity,Agricultural Burning
9.39784,80.42539,342.0,299.87,42.13,4.57,1.717395053939193,0.66,7,5,248,6,5,5.973333333333334,8.13,Recurring,1,0.4645420299091499,False,Normal Thermal Pattern,50,25,10,8.992199999999999,Persistent Local Activity,Agricultural Burning
9.41481,80.42964,349.38,301.0,48.38,19.06,2.998727782533789,0.66,7,5,248,9,5,11.636666666666663,29.65,Recurring,-1,0.579761231833283,True,ML Anomaly,50,25,11,9.2186,Persistent Local Activity,Industrial Fire
9.41498,80.45523,333.44,300.47,32.96999999999997,12.91,2.632608005935352,0.66,7,5,248,10,5,9.654,12.91,Recurring,1,0.523469966708294,False,Normal Thermal Pattern,39,25,0,9.604102564102565,Recurring Local Activity,Industrial Fire
9.41584,80.46038,345.39,300.28,45.110000000000014,12.91,2.632608005935352,0.66,7,5,248,10,5,9.654,12.91,Recurring,1,0.520847237107738,False,Normal Thermal Pattern,35,22,0,9.226,Recurring Local Activity,Industrial Fire
9.42989,80.40474,334.33,299.84,34.49000000000001,2.23,1.172482137234565,0.66,7,5,248,24,9,9.203333333333331,24.67,Persistent,-1,0.6345337262850769,True,ML Anomaly,48,13,11,8.291041666666667,Persistent Local Activity,Agricultural Burning
9.43119,80.4056,335.33,299.79,35.539999999999964,2.81,1.3376291891386096,0.66,7,5,248,24,9,9.203333333333331,24.67,Persistent,-1,0.6280187600122904,True,ML Anomaly,48,13,11,8.278958333333334,Persistent Local Activity,Agricultural Burning
9.43621,80.41788,339.65,299.4,40.25,4.28,1.6639260977181702,0.66,7,5,248,1,1,4.28,4.28,Transient,1,0.3557734671451233,False,Normal Thermal Pattern,47,15,12,8.68595744680851,Persistent Local Activity,Agricultural Burning
9.44193,80.42754,331.66,298.91,32.75,2.16,1.1505720275988207,0.66,7,5,248,1,1,2.16,2.16,Transient,1,0.3880026130411637,False,Normal Thermal Pattern,37,16,9,8.987297297297296,Persistent Local Activity,Agricultural Burning
10.09445,77.89512,342.08,301.1,40.97999999999996,13.48,2.6727683869575705,0.66,7,5,248,2,1,11.285,13.48,Transient,1,0.3942238384215622,False,Normal Thermal Pattern,1,0,0,9.09,Isolated Thermal Activity,Wildfire
10.09586,77.89691,340.86,299.51,41.35000000000002,9.09,2.3115448343655176,0.66,7,5,248,2,1,11.285,13.48,Transient,1,0.3815723448758545,False,Normal Thermal Pattern,1,0,0,13.48,Isolated Thermal Activity,Wildfire
10.27044,77.25731,330.63,297.08,33.55000000000001,7.7,2.163323025660538,0.66,7,5,248,4,3,8.6075,16.81,Transient,1,0.4326867771952706,False,Normal Thermal Pattern,4,0,0,6.952500000000001,Isolated Thermal Activity,Agricultural Burning
10.40149,79.27921,331.57,297.24,34.329999999999984,7.13,2.0955609235597192,0.66,7,5,248,1,1,7.13,7.13,Transient,1,0.3686506393838287,False,Normal Thermal Pattern,3,0,0,11.846666666666666,Isolated Thermal Activity,Agricultural Burning
10.43229,79.63264,342.49,298.67,43.81999999999999,4.35,1.6770965609079151,0.66,7,5,248,1,1,4.35,4.35,Transient,1,0.3627628734578774,False,Normal Thermal Pattern,1,0,0,3.77,Isolated Thermal Activity,Agricultural Burning
10.43859,77.31449,339.76,301.16,38.599999999999966,12.02,2.566486636780424,0.66,7,5,248,1,1,12.02,12.02,Transient,1,0.3910858755625841,False,Normal Thermal Pattern,0,0,0,,Isolated Thermal Activity,Wildfire
10.68266,77.4065,338.57,303.34,35.23000000000002,11.41,2.518502599216516,0.66,7,5,248,1,1,11.41,11.41,Transient,1,0.3974921778867845,False,Normal Thermal Pattern,0,0,0,,Isolated Thermal Activity,Wildfire
10.71123,79.4289,341.69,300.29,41.39999999999998,6.18,1.9712993830601329,0.66,7,5,248,1,1,6.18,6.18,Transient,1,0.3612261746437373,False,Normal Thermal Pattern,0,0,0,,Isolated Thermal Activity,Agricultural Burning
10.87756,79.31715,332.91,298.71,34.200000000000045,4.55,1.713797927758343,0.66,7,5,248,1,1,4.55,4.55,Transient,1,0.3552918280200978,False,Normal Thermal Pattern,0,0,0,,Isolated Thermal Activity,Agricultural Burning
10.98393,78.21921,337.97,300.17,37.80000000000001,7.0,2.079441541679836,0.66,7,5,248,1,1,7.0,7.0,Transient,1,0.3617145645090648,False,Normal Thermal Pattern,0,0,0,,Isolated Thermal Activity,Agricultural Burning
11.00214,77.12466,339.89,303.19,36.69999999999999,13.48,2.6727683869575705,0.66,7,5,248,1,1,13.48,13.48,Transient,1,0.4020874210210198,False,Normal Thermal Pattern,0,0,0,,Isolated Thermal Activity,Wildfire
11.48418,77.27011,333.99,300.69,33.30000000000001,3.57,1.5195132049061133,0.66,7,5,248,1,1,3.57,3.57,Transient,1,0.3603530894026235,False,Normal Thermal Pattern,0,0,0,,Isolated Thermal Activity,Agricultural Burning
12.15397,78.16905,336.62,302.19,34.43000000000001,4.39,1.6845453849209058,0.66,7,5,248,1,1,4.39,4.39,Transient,1,0.3579906211097219,False,Normal Thermal Pattern,0,0,0,,Isolated Thermal Activity,Agricultural Burning
12.8087,79.956,331.25,300.28,30.970000000000027,3.42,1.4861396960896067,0.66,7,5,248,1,1,3.42,3.42,Transient,1,0.368222159663923,False,Normal Thermal Pattern,1,0,0,5.83,Isolated Thermal Activity,Agricultural Burning
13.40306,77.79495,331.54,303.21,28.33000000000004,4.98,1.7884205679625405,0.33,7,5,248,1,1,4.98,4.98,Transient,1,0.4399131163505906,False,Normal Thermal Pattern,0,0,0,,Isolated Thermal Activity,Agricultural Burning
13.37448,78.87302,304.49,292.03,12.460000000000036,0.63,0.4885800148186709,0.66,20,5,248,1,1,0.63,0.63,Transient,1,0.4964232778769474,False,Normal Thermal Pattern,0,0,0,,Isolated Thermal Activity,Agricultural Burning
8.67761,77.63989,315.85,287.39,28.46000000000004,2.61,1.2837077723447896,0.66,20,5,248,1,1,2.61,2.61,Transient,1,0.4534216201841424,False,Normal Thermal Pattern,0,0,0,,Isolated Thermal Activity,Agricultural Burning
8.70224,78.05685,307.38,285.29,22.08999999999997,1.29,0.8285518175661483,0.66,20,5,248,2,2,3.64,5.99,Transient,1,0.4954371955949288,False,Normal Thermal Pattern,4,0,0,3.5825000000000005,Isolated Thermal Activity,Agricultural Burning
11.94986,76.94534,307.4,289.7,17.69999999999999,1.03,0.708035793053696,0.66,20,5,248,1,1,1.03,1.03,Transient,1,0.4592428867575001,False,Normal Thermal Pattern,0,0,0,,Isolated Thermal Activity,Agricultural Burning
12.62565,79.78779,314.52,290.27,24.25,2.0,1.0986122886681098,0.66,20,5,248,1,1,2.0,2.0,Transient,1,0.4530964156568752,False,Normal Thermal Pattern,0,0,0,,Isolated Thermal Activity,Agricultural Burning
12.80543,77.43291,306.42,290.17,16.25,0.66,0.5068176023684519,0.66,20,5,248,2,2,1.325,1.99,Transient,1,0.4818851662166364,False,Normal Thermal Pattern,1,0,0,1.99,Isolated Thermal Activity,Agricultural Burning
12.95159,79.9017,308.28,292.92,15.359999999999957,0.77,0.5709795465857378,0.66,20,5,248,1,1,0.77,0.77,Transient,1,0.4722412825447839,False,Normal Thermal Pattern,0,0,0,,Isolated Thermal Activity,Agricultural Burning
13.01668,77.74179,303.01,290.02,12.990000000000007,0.5,0.4054651081081644,0.66,20,5,248,1,1,0.5,0.5,Transient,1,0.5074462938100353,False,Normal Thermal Pattern,0,0,0,,Isolated Thermal Activity,Agricultural Burning
8.02004,80.31163,330.28,289.97,40.309999999999945,5.14,1.814824742159051,0.66,7,6,249,1,1,5.14,5.14,Transient,1,0.3653989923334375,False,Normal Thermal Pattern,2,0,0,7.405,Isolated Thermal Activity,Agricultural Burning
8.0389,80.3515,349.41,290.15,59.26000000000005,9.39,2.340843805111136,0.66,7,6,249,1,1,9.39,9.39,Transient,1,0.4351999576753291,False,Normal Thermal Pattern,9,0,0,6.462222222222222,High Local Thermal Density,Industrial Fire
8.06931,80.23161,335.04,288.07,46.97000000000003,5.34,1.8468787684491343,0.66,7,6,249,2,1,5.0,5.34,Transient,1,0.3754429668096601,False,Normal Thermal Pattern,3,0,0,4.94,Isolated Thermal Activity,Agricultural Burning
8.07245,80.22962,335.56,288.64,46.920000000000016,4.66,1.7334238922150915,0.66,7,6,249,2,1,5.0,5.34,Transient,1,0.3737768737469393,False,Normal Thermal Pattern,3,0,0,5.166666666666667,Isolated Thermal Activity,Agricultural Burning
8.25499,80.25665,343.4,293.89,49.50999999999999,10.8,2.468099531471619,0.66,7,6,249,3,2,8.446666666666667,10.8,Transient,1,0.4168052315756895,False,Normal Thermal Pattern,4,0,0,6.1475,Isolated Thermal Activity,Wildfire
8.2606,80.25567,349.96,292.22,57.73999999999995,10.8,2.468099531471619,0.66,7,6,249,3,2,8.446666666666667,10.8,Transient,1,0.4518387686632058,False,Normal Thermal Pattern,6,0,0,6.375,High Local Thermal Density,Industrial Fire
8.31421,80.17928,330.06,291.8,38.25999999999999,5.0,1.791759469228055,0.66,7,6,249,1,1,5.0,5.0,Transient,1,0.3616970217491647,False,Normal Thermal Pattern,8,0,0,16.237499999999997,High Local Thermal Density,Agricultural Burning
8.31937,80.3007,338.03,291.51,46.51999999999998,7.38,2.1258479144939915,0.66,7,6,249,2,1,6.725,7.38,Transient,1,0.3760621318535689,False,Normal Thermal Pattern,10,0,0,4.59,High Local Thermal Density,Industrial Fire
8.32054,80.30001,342.88,291.87,51.00999999999999,6.07,1.955860479908481,0.66,7,6,249,2,1,6.725,7.38,Transient,1,0.3821394860887369,False,Normal Thermal Pattern,10,0,0,4.721,High Local Thermal Density,Industrial Fire
8.40109,80.43324,337.34,292.84,44.5,7.74,2.167910189667444,0.66,7,6,249,3,2,5.613333333333333,7.74,Transient,1,0.3936091270497818,False,Normal Thermal Pattern,9,0,0,4.123333333333334,High Local Thermal Density,Industrial Fire
8.44197,80.31695,367.0,293.21,73.79000000000002,14.84,2.76253838638628,1.0,7,6,249,1,1,14.84,14.84,Transient,-1,0.594312770610466,True,ML Anomaly,7,0,0,4.934285714285714,High Local Thermal Density,Industrial Fire
8.50305,80.21844,334.87,292.0,42.870000000000005,13.15,2.649714624089247,0.66,7,6,249,4,1,12.775,13.15,Transient,1,0.4312693620834645,False,Normal Thermal Pattern,9,0,0,8.573333333333332,High Local Thermal Density,Industrial Fire
8.50377,80.22226,367.0,292.79,74.20999999999998,13.15,2.649714624089247,1.0,7,6,249,4,1,12.775,13.15,Transient,-1,0.5986323442934172,True,ML Anomaly,9,0,0,8.740000000000002,High Local Thermal Density,Industrial Fire
8.50486,80.21972,367.0,292.63,74.37,12.4,2.5952547069568657,1.0,7,6,249,4,1,12.775,13.15,Transient,-1,0.5973823874801215,True,ML Anomaly,8,0,0,8.4875,High Local Thermal Density,Industrial Fire
8.50555,80.22356,367.0,292.89,74.11000000000001,12.4,2.5952547069568657,1.0,7,6,249,4,1,12.775,13.15,Transient,-1,0.5943751320315545,True,ML Anomaly,10,0,0,9.011,High Local Thermal Density,Industrial Fire
8.51852,80.23936,336.6,291.83,44.77000000000004,4.18,1.6448050562713916,0.66,7,6,249,1,1,4.18,4.18,Transient,1,0.3647217112872311,False,Normal Thermal Pattern,9,0,0,11.02777777777778,High Local Thermal Density,Agricultural Burning
8.6569,80.49527,345.0,290.39,54.610000000000014,8.82,2.2844211223663744,0.66,7,6,249,1,1,8.82,8.82,Transient,1,0.4107352825180051,False,Normal Thermal Pattern,3,0,0,10.716666666666669,Isolated Thermal Activity,Wildfire
8.74539,80.20245,333.89,290.37,43.51999999999998,6.95,2.0731719286662407,0.66,7,6,249,2,1,8.465,9.98,Transient,1,0.3813906040540379,False,Normal Thermal Pattern,3,0,0,8.753333333333334,Isolated Thermal Activity,Agricultural Burning
8.7461,80.20624,339.04,291.76,47.28000000000003,9.98,2.3960754360813845,0.66,7,6,249,2,1,8.465,9.98,Transient,1,0.3923477206753116,False,Normal Thermal Pattern,2,0,0,9.875,Isolated Thermal Activity,Wildfire
8.81484,80.48472,330.84,292.52,38.31999999999999,5.35,1.8484548129046,0.66,7,6,249,1,1,5.35,5.35,Transient,1,0.3608803710495395,False,Normal Thermal Pattern,2,0,0,5.635,Isolated Thermal Activity,Agricultural Burning
8.91877,80.43142,346.19,291.36,54.829999999999984,7.5,2.1400661634962708,0.66,7,6,249,5,4,8.476,18.71,Recurring,1,0.4866738964745038,False,Normal Thermal Pattern,11,4,0,8.998181818181818,Recurring Local Activity,Industrial Fire
9.06089,77.65742,330.2,289.16,41.03999999999997,6.47,2.010894999144726,0.66,7,6,249,1,1,6.47,6.47,Transient,1,0.3782976067192393,False,Normal Thermal Pattern,2,0,0,4.55,Isolated Thermal Activity,Agricultural Burning
9.35343,80.28749,331.28,288.26,43.01999999999998,2.47,1.244154593958768,0.66,7,6,249,1,1,2.47,2.47,Transient,1,0.3929769028512209,False,Normal Thermal Pattern,1,0,0,9.02,Isolated Thermal Activity,Agricultural Burning
9.3743,80.46233,339.61,290.52,49.09000000000003,4.13,1.6351056591826785,0.66,7,6,249,1,1,4.13,4.13,Transient,1,0.3761414676662985,False,Normal Thermal Pattern,23,15,0,9.049130434782608,Recurring Local Activity,Agricultural Burning
9.398,80.37682,338.47,289.34,49.13000000000005,2.85,1.3480731482996928,0.66,7,6,249,2,1,3.405,3.96,Transient,1,0.3937574758382446,False,Normal Thermal Pattern,37,7,12,8.19918918918919,Persistent Local Activity,Agricultural Burning
9.39895,80.3748,336.16,289.92,46.24000000000001,3.96,1.601405740736836,0.66,7,6,249,2,1,3.405,3.96,Transient,1,0.3742744716742279,False,Normal Thermal Pattern,37,7,12,8.169189189189188,Persistent Local Activity,Agricultural Burning
9.40206,80.4609,346.37,292.14,54.23000000000002,8.5,2.251291798606496,0.66,7,6,249,10,5,9.654,12.91,Recurring,1,0.5259557486435977,False,Normal Thermal Pattern,31,22,0,9.85516129032258,Recurring Local Activity,Industrial Fire
9.4027,80.46444,341.1,291.79,49.31,8.93,2.295560478057081,0.66,7,6,249,10,5,9.654,12.91,Recurring,1,0.5121251958460274,False,Normal Thermal Pattern,29,20,0,9.929655172413792,Recurring Local Activity,Industrial Fire
9.40877,80.467,367.0,292.53,74.47000000000003,10.66,2.4561641809223462,1.0,7,6,249,10,5,9.654,12.91,Recurring,-1,0.6483909335462188,True,ML Anomaly,28,17,0,9.168571428571427,Recurring Local Activity,Industrial Fire
9.42008,80.36726,330.35,290.76,39.59000000000003,2.24,1.175573329804238,0.66,7,6,249,3,2,3.2133333333333334,4.16,Transient,1,0.4123210565191758,False,Normal Thermal Pattern,34,1,12,7.327058823529412,Persistent Local Activity,Agricultural Burning
9.46915,80.47984,349.73,289.89,59.84000000000003,19.34,3.012589390620414,0.66,7,6,249,3,2,15.62,19.34,Transient,1,0.5335173850189061,False,Normal Thermal Pattern,12,0,0,9.7275,High Local Thermal Density,Industrial Fire
9.4698,80.48336,355.61,287.85,67.75999999999999,19.34,3.012589390620414,0.33,7,6,249,3,2,15.62,19.34,Transient,-1,0.6225280229811383,True,ML Anomaly,12,0,0,9.7275,High Local Thermal Density,Industrial Fire
9.47606,80.45673,340.28,289.8,50.47999999999996,4.51,1.706564623164823,0.66,7,6,249,1,1,4.51,4.51,Transient,1,0.377500263657421,False,Normal Thermal Pattern,12,0,0,10.6625,High Local Thermal Density,Agricultural Burning
9.76366,80.16456,338.37,289.64,48.73000000000002,6.59,2.0268315914075385,0.66,7,6,249,2,1,6.59,6.59,Transient,1,0.3773808147205435,False,Normal Thermal Pattern,1,0,0,6.59,Isolated Thermal Activity,Agricultural Burning
9.76915,80.16356,355.69,289.47,66.21999999999997,6.59,2.0268315914075385,0.33,7,6,249,2,1,6.59,6.59,Transient,1,0.5323440698396662,False,Normal Thermal Pattern,1,0,0,6.59,Isolated Thermal Activity,Agricultural Burning
9.77767,78.38486,346.77,285.86,60.90999999999997,11.04,2.488234439880675,0.66,7,6,249,1,1,11.04,11.04,Transient,1,0.4590011418361506,False,Normal Thermal Pattern,2,0,0,3.02,Isolated Thermal Activity,Wildfire
10.3562,79.15823,339.14,286.24,52.89999999999998,5.56,1.8809906029559973,0.66,7,6,249,2,1,5.925,6.29,Transient,1,0.3915331381302431,False,Normal Thermal Pattern,2,0,0,5.645,Isolated Thermal Activity,Agricultural Burning
10.35633,79.15871,337.42,286.42,51.0,6.29,1.986503546020567,0.66,7,6,249,2,1,5.925,6.29,Transient,1,0.3902990828654232,False,Normal Thermal Pattern,2,0,0,5.279999999999999,Isolated Thermal Activity,Agricultural Burning
10.89275,77.62709,335.17,290.69,44.48000000000002,7.34,2.1210632163706555,0.66,7,6,249,1,1,7.34,7.34,Transient,1,0.3747610723726493,False,Normal Thermal Pattern,1,0,0,1.69,Isolated Thermal Activity,Agricultural Burning
10.93033,78.4953,331.85,289.5,42.35000000000002,3.63,1.5325568680981427,0.66,7,6,249,2,2,4.055,4.48,Transient,1,0.3874481745127649,False,Normal Thermal Pattern,4,0,0,4.4275,Isolated Thermal Activity,Agricultural Burning
10.94046,78.16074,342.28,285.74,56.53999999999997,3.88,1.5851452198650555,0.66,7,6,249,1,1,3.88,3.88,Transient,1,0.4143408899221613,False,Normal Thermal Pattern,1,0,0,4.0,Isolated Thermal Activity,Agricultural Burning
11.62928,76.9966,333.19,288.3,44.88999999999999,10.29,2.4239173781615704,0.66,7,6,249,1,1,10.29,10.29,Transient,1,0.4134783920642722,False,Normal Thermal Pattern,0,0,0,,Isolated Thermal Activity,Wildfire
9.01685,77.36189,330.32,290.0,40.31999999999999,2.82,1.3402504226184837,0.66,9,6,249,2,2,2.525,2.82,Transient,1,0.4059400818716702,False,Normal Thermal Pattern,1,0,0,2.23,Isolated Thermal Activity,Agricultural Burning
10.61561,77.42004,305.64,289.97,15.66999999999996,1.34,0.8501509293696101,0.66,19,6,249,4,3,0.875,1.51,Transient,1,0.5156099777270762,False,Normal Thermal Pattern,3,0,0,0.7200000000000001,Isolated Thermal Activity,Agricultural Burning
10.90553,77.41677,303.06,288.18,14.879999999999995,0.89,0.636576829071551,0.66,19,6,249,2,1,1.265,1.64,Transient,1,0.4844159518998635,False,Normal Thermal Pattern,1,0,0,1.64,Isolated Thermal Activity,Agricultural Burning
10.90637,77.41584,305.31,288.22,17.089999999999975,1.64,0.9707789171582248,0.66,19,6,249,2,1,1.265,1.64,Transient,1,0.4678638730660035,False,Normal Thermal Pattern,1,0,0,0.89,Isolated Thermal Activity,Agricultural Burning
11.92694,78.42115,310.15,279.06,31.08999999999997,1.68,0.9858167945227652,0.66,19,6,249,1,1,1.68,1.68,Transient,1,0.4929750461090492,False,Normal Thermal Pattern,0,0,0,,Isolated Thermal Activity,Agricultural Burning
10.39689,77.61567,334.0,287.66,46.339999999999975,6.43,2.005525858729668,0.66,19,6,249,1,1,6.43,6.43,Transient,1,0.471879908473069,False,Normal Thermal Pattern,0,0,0,,Isolated Thermal Activity,Agricultural Burning
8.03589,80.41181,333.76,292.3,41.45999999999998,5.08,1.805004695978076,0.66,8,0,250,1,1,5.08,5.08,Transient,1,0.3507602606350205,False,Normal Thermal Pattern,10,0,0,6.880999999999999,High Local Thermal Density,Agricultural Burning
8.05743,80.43962,333.55,291.52,42.03000000000003,4.65,1.7316555451583495,0.66,8,0,250,1,1,4.65,4.65,Transient,1,0.3550473682449027,False,Normal Thermal Pattern,9,0,0,7.2155555555555555,High Local Thermal Density,Agricultural Burning
8.38848,80.20661,342.01,291.84,50.170000000000016,8.29,2.228938552825748,0.66,8,0,250,2,1,8.485,8.68,Transient,1,0.3814695429755337,False,Normal Thermal Pattern,15,2,0,9.836666666666668,Recurring Local Activity,Industrial Fire
8.38858,80.20611,342.0,291.8,50.19999999999999,8.68,2.2700619012884857,0.66,8,0,250,2,1,8.485,8.68,Transient,1,0.3828382824623145,False,Normal Thermal Pattern,15,2,0,9.810666666666668,Recurring Local Activity,Industrial Fire
8.5905,80.34922,334.9,290.16,44.73999999999995,4.44,1.6937790608678511,0.66,8,0,250,1,1,4.44,4.44,Transient,1,0.3586244558802971,False,Normal Thermal Pattern,8,0,0,7.70875,High Local Thermal Density,Agricultural Burning
8.86686,78.08612,333.88,284.26,49.620000000000005,2.78,1.3297240096314962,0.66,8,0,250,4,3,10.7475,13.83,Transient,1,0.4813824311420719,False,Normal Thermal Pattern,5,0,0,8.792,High Local Thermal Density,Agricultural Burning
8.90995,77.51759,330.26,288.76,41.5,4.66,1.7334238922150915,0.66,8,0,250,2,1,3.93,4.66,Transient,1,0.3672025246791223,False,Normal Thermal Pattern,3,0,0,3.33,Isolated Thermal Activity,Agricultural Burning
8.91237,77.5182,332.13,289.1,43.02999999999997,3.2,1.4350845252893227,0.66,8,0,250,2,1,3.93,4.66,Transient,1,0.3707174134581766,False,Normal Thermal Pattern,3,0,0,3.8166666666666655,Isolated Thermal Activity,Agricultural Burning
9.01174,77.45811,338.72,288.23,50.49000000000001,4.68,1.7369512327330598,0.66,8,0,250,1,1,4.68,4.68,Transient,1,0.3724349095146311,False,Normal Thermal Pattern,1,0,0,3.8,Isolated Thermal Activity,Agricultural Burning
9.08718,77.47947,331.36,295.48,35.879999999999995,3.5,1.5040773967762742,0.66,8,0,250,1,1,3.5,3.5,Transient,1,0.3517095575994965,False,Normal Thermal Pattern,1,0,0,9.51,Isolated Thermal Activity,Agricultural Burning
9.20163,78.26099,330.33,286.01,44.31999999999999,1.0,0.6931471805599453,0.66,8,0,250,1,1,1.0,1.0,Transient,1,0.4405047639570807,False,Normal Thermal Pattern,1,0,0,1.84,Isolated Thermal Activity,Agricultural Burning
9.27757,77.48306,332.05,292.42,39.63,3.24,1.4445632692438664,0.66,8,0,250,1,1,3.24,3.24,Transient,1,0.3583655889953727,False,Normal Thermal Pattern,5,0,0,3.2120000000000006,High Local Thermal Density,Agricultural Burning
10.52722,76.9183,336.19,296.67,39.51999999999998,7.44,2.132982308607866,0.66,8,0,250,1,1,7.44,7.44,Transient,1,0.3544502143534292,False,Normal Thermal Pattern,0,0,0,,Isolated Thermal Activity,Agricultural Burning
11.4255,79.19963,351.07,295.32,55.75,7.34,2.1210632163706555,0.66,8,0,250,1,1,7.34,7.34,Transient,1,0.4041923984954998,False,Normal Thermal Pattern,2,0,0,2.225,Isolated Thermal Activity,Agricultural Burning
12.19458,76.79126,340.22,296.11,44.110000000000014,14.03,2.710048203764883,0.66,8,0,250,1,1,14.03,14.03,Transient,1,0.3997030906599265,False,Normal Thermal Pattern,0,0,0,,Isolated Thermal Activity,Wildfire
12.62642,79.35217,343.14,293.93,49.20999999999998,11.39,2.516889695641051,0.66,8,0,250,2,1,11.875,12.36,Transient,1,0.4021038013966973,False,Normal Thermal Pattern,1,0,0,12.36,Isolated Thermal Activity,Wildfire
12.62691,79.35641,343.88,294.09,49.79000000000002,12.36,2.5922651681085,0.66,8,0,250,2,1,11.875,12.36,Transient,1,0.4062298510603238,False,Normal Thermal Pattern,1,0,0,11.39,Isolated Thermal Activity,Wildfire
13.30328,77.49928,330.44,297.74,32.69999999999999,3.78,1.5644405465033644,0.66,8,0,250,1,1,3.78,3.78,Transient,1,0.3567694842940212,False,Normal Thermal Pattern,0,0,0,,Isolated Thermal Activity,Agricultural Burning
13.39125,78.55362,342.85,298.16,44.69,4.87,1.7698546338400052,0.66,8,0,250,1,1,4.87,4.87,Transient,1,0.3533810058038779,False,Normal Thermal Pattern,0,0,0,,Isolated Thermal Activity,Agricultural Burning
8.26735,80.30713,305.05,290.32,14.730000000000018,0.49,0.3987761199573678,0.66,19,0,250,1,1,0.49,0.49,Transient,1,0.5116356350080786,False,Normal Thermal Pattern,10,0,0,4.45,High Local Thermal Density,Agricultural Burning
8.2917,80.2041,309.21,290.12,19.08999999999997,0.78,0.5766133643039938,0.66,19,0,250,1,1,0.78,0.78,Transient,1,0.480336139177538,False,Normal Thermal Pattern,4,0,0,5.65,Isolated Thermal Activity,Agricultural Burning
8.43688,77.6253,297.94,273.86,24.079999999999984,0.53,0.4252677354043441,0.66,19,0,250,2,2,0.87,1.21,Transient,-1,0.5664360977275927,True,ML Anomaly,4,0,0,2.955,Isolated Thermal Activity,Agricultural Burning
10.82716,78.82903,320.19,291.49,28.69999999999999,2.81,1.3376291891386096,0.66,19,0,250,1,1,2.81,2.81,Transient,1,0.4481736884737257,False,Normal Thermal Pattern,1,0,0,5.56,Isolated Thermal Activity,Agricultural Burning
11.8151,77.91316,305.93,291.15,14.78000000000003,2.0,1.0986122886681098,0.66,19,0,250,10,5,2.316,3.41,Recurring,-1,0.5867466078722979,True,ML Anomaly,9,9,0,2.351111111111112,Recurring Local Activity,Agricultural Burning
11.81557,77.91275,305.57,290.74,14.829999999999984,1.99,1.095273387402595,0.66,19,0,250,10,5,2.316,3.41,Recurring,-1,0.5869451338130389,True,ML Anomaly,9,9,0,2.352222222222222,Recurring Local Activity,Agricultural Burning
12.02786,79.03661,307.05,291.73,15.319999999999991,0.85,0.6151856390902334,0.66,19,0,250,1,1,0.85,0.85,Transient,1,0.4828371393903391,False,Normal Thermal Pattern,1,0,0,6.0,Isolated Thermal Activity,Agricultural Burning
12.74653,77.61774,300.76,288.0,12.759999999999993,1.69,0.9895411936137476,0.66,19,0,250,4,4,1.1,1.69,Transient,-1,0.5481702561134207,True,ML Anomaly,3,0,0,0.9033333333333332,Isolated Thermal Activity,Agricultural Burning
8.00587,80.17339,338.66,298.5,40.160000000000025,4.18,1.6448050562713916,0.66,8,1,251,1,1,4.18,4.18,Transient,1,0.3470859300780126,False,Normal Thermal Pattern,4,0,0,13.21,Isolated Thermal Activity,Agricultural Burning
8.08208,80.44212,332.7,295.78,36.920000000000016,4.07,1.623340817603092,0.66,8,1,251,1,1,4.07,4.07,Transient,1,0.3495870342168412,False,Normal Thermal Pattern,2,0,0,6.46,Isolated Thermal Activity,Agricultural Burning
8.13002,80.04712,336.9,299.27,37.63,5.72,1.9050881545350584,0.66,8,1,251,2,1,4.42,5.72,Transient,1,0.3451051680588605,False,Normal Thermal Pattern,2,0,0,2.555,Isolated Thermal Activity,Agricultural Burning
8.13209,80.04674,332.82,297.41,35.40999999999997,3.12,1.415853163361435,0.66,8,1,251,2,1,4.42,5.72,Transient,1,0.3559453689611874,False,Normal Thermal Pattern,2,0,0,3.855,Isolated Thermal Activity,Agricultural Burning
8.17546,80.30257,331.46,297.61,33.849999999999966,1.69,0.9895411936137476,0.66,8,1,251,2,2,2.88,4.07,Transient,1,0.3996110737882651,False,Normal Thermal Pattern,4,0,0,4.045,Isolated Thermal Activity,Agricultural Burning
8.2054,80.36328,335.76,295.34,40.420000000000016,5.52,1.874874375938561,0.66,8,1,251,1,1,5.52,5.52,Transient,1,0.3454727620490199,False,Normal Thermal Pattern,6,0,0,5.498333333333334,High Local Thermal Density,Agricultural Burning
8.21241,80.38275,341.38,299.02,42.360000000000014,8.78,2.280339484046726,0.66,8,1,251,1,1,8.78,8.78,Transient,1,0.3642152513320735,False,Normal Thermal Pattern,8,0,0,7.546250000000001,High Local Thermal Density,Industrial Fire
8.26527,80.44974,340.03,299.06,40.96999999999997,9.21,2.3233676321765744,0.66,8,1,251,1,1,9.21,9.21,Transient,1,0.3665874372939467,False,Normal Thermal Pattern,0,0,0,,Isolated Thermal Activity,Wildfire
8.34113,80.19086,335.95,301.87,34.079999999999984,20.3,3.05870707271538,0.66,8,1,251,2,1,23.775,27.25,Transient,1,0.4967727682102195,False,Normal Thermal Pattern,11,0,0,12.805454545454548,High Local Thermal Density,Industrial Fire
8.34169,80.1948,342.42,303.3,39.120000000000005,27.25,3.34109345759245,0.66,8,1,251,2,1,23.775,27.25,Transient,1,0.5216698791295432,False,Normal Thermal Pattern,11,0,0,12.173636363636364,High Local Thermal Density,Industrial Fire
8.35129,77.57536,337.99,308.27,29.720000000000027,7.94,2.190535589185423,0.33,8,1,251,1,1,7.94,7.94,Transient,1,0.4446212129164275,False,Normal Thermal Pattern,1,0,0,8.4,Isolated Thermal Activity,Agricultural Burning
8.3563,80.17673,352.51,301.72,50.78999999999997,24.83,3.251536607107749,0.66,8,1,251,3,2,18.65333333333333,24.92,Transient,-1,0.548269741903696,True,ML Anomaly,17,5,0,11.62235294117647,Recurring Local Activity,Industrial Fire
8.35724,80.17769,341.6,302.52,39.08000000000004,24.92,3.255014871484074,0.66,8,1,251,3,2,18.65333333333333,24.92,Transient,1,0.5105154592732066,False,Normal Thermal Pattern,17,5,0,11.617058823529412,Recurring Local Activity,Industrial Fire
8.44955,80.19279,336.0,301.59,34.410000000000025,9.42,2.343727036325221,0.66,8,1,251,3,3,7.913333333333333,9.42,Transient,1,0.4120426843629077,False,Normal Thermal Pattern,5,0,0,7.053999999999999,High Local Thermal Density,Industrial Fire
8.50442,80.48933,333.05,300.78,32.27000000000004,4.88,1.7715567619105357,0.66,8,1,251,3,2,7.84,13.76,Transient,1,0.3906501830190866,False,Normal Thermal Pattern,16,6,0,7.646875,Recurring Local Activity,Agricultural Burning
8.50873,80.48872,330.0,295.28,34.72000000000003,4.88,1.7715567619105357,0.66,8,1,251,3,2,7.84,13.76,Transient,1,0.3964446426024473,False,Normal Thermal Pattern,13,3,0,7.8961538461538465,Recurring Local Activity,Agricultural Burning
8.56899,80.49351,336.58,299.22,37.35999999999996,5.75,1.9095425048844383,0.66,8,1,251,1,1,5.75,5.75,Transient,1,0.3441365892736532,False,Normal Thermal Pattern,3,3,0,11.48,Recurring Local Activity,Agricultural Burning
8.58827,78.13114,338.22,305.91,32.31,6.7,2.0412203288596382,0.66,8,1,251,1,1,6.7,6.7,Transient,1,0.3598109387723882,False,Normal Thermal Pattern,1,0,0,4.47,Isolated Thermal Activity,Agricultural Burning
8.5959,80.31518,340.46,299.38,41.079999999999984,14.57,2.745345985845907,0.66,8,1,251,2,1,15.615,16.66,Transient,1,0.4063612226998723,False,Normal Thermal Pattern,2,0,0,10.55,Isolated Thermal Activity,Wildfire
8.59646,80.3148,340.59,299.04,41.54999999999996,16.66,2.8713021951758138,0.66,8,1,251,2,1,15.615,16.66,Transient,1,0.4185534425046073,False,Normal Thermal Pattern,2,0,0,9.505,Isolated Thermal Activity,Wildfire
8.60539,77.96745,340.75,309.4,31.350000000000023,22.28,3.147594622863237,0.66,8,1,251,7,6,9.955714285714285,22.28,Recurring,-1,0.5717715153128534,True,ML Anomaly,8,6,0,7.123749999999999,Recurring Local Activity,Industrial Fire
8.73366,77.81716,339.76,309.85,29.909999999999968,6.88,2.064327903869788,0.33,8,1,251,2,1,6.88,6.88,Transient,1,0.4538261939167347,False,Normal Thermal Pattern,2,0,0,11.205,Isolated Thermal Activity,Agricultural Burning
8.73731,77.81662,338.94,308.82,30.120000000000005,6.88,2.064327903869788,0.66,8,1,251,2,1,6.88,6.88,Transient,1,0.3753474086731072,False,Normal Thermal Pattern,2,0,0,11.205,Isolated Thermal Activity,Agricultural Burning
8.8465,80.44485,330.95,298.69,32.25999999999999,6.63,2.032087845296365,0.66,8,1,251,1,1,6.63,6.63,Transient,1,0.365132278368772,False,Normal Thermal Pattern,2,0,0,5.154999999999999,Isolated Thermal Activity,Agricultural Burning
8.84915,77.81451,337.79,309.67,28.120000000000005,6.21,1.9754689512968573,0.33,8,1,251,1,1,6.21,6.21,Transient,1,0.4366924315849676,False,Normal Thermal Pattern,2,0,0,8.16,Isolated Thermal Activity,Agricultural Burning
8.86478,78.08195,343.18,312.93,30.25,13.19,2.652537491171952,0.66,8,1,251,4,3,10.7475,13.83,Transient,1,0.4779383458743295,False,Normal Thermal Pattern,5,0,0,6.709999999999999,High Local Thermal Density,Industrial Fire
8.86913,78.08589,343.59,314.46,29.129999999999995,13.19,2.652537491171952,0.33,8,1,251,4,3,10.7475,13.83,Transient,-1,0.5446688339846081,True,ML Anomaly,5,0,0,6.709999999999999,High Local Thermal Density,Industrial Fire
8.88382,77.79616,336.88,310.04,26.83999999999997,4.84,1.7647307968401356,0.33,8,1,251,2,2,8.16,11.48,Transient,1,0.4828103657064571,False,Normal Thermal Pattern,3,0,0,8.306666666666667,Isolated Thermal Activity,Agricultural Burning
8.93358,77.49417,335.99,304.15,31.840000000000032,3.63,1.5325568680981427,0.66,8,1,251,1,1,3.63,3.63,Transient,1,0.353632569909618,False,Normal Thermal Pattern,2,0,0,3.93,Isolated Thermal Activity,Agricultural Burning
9.04233,78.01846,339.56,310.43,29.129999999999995,11.21,2.502255288122613,0.33,8,1,251,1,1,11.21,11.21,Transient,1,0.4825722664158164,False,Normal Thermal Pattern,0,0,0,,Isolated Thermal Activity,Wildfire
9.05442,77.6814,338.42,309.31,29.110000000000014,4.97,1.786746927404511,0.33,8,1,251,1,1,4.97,4.97,Transient,1,0.4333007920476387,False,Normal Thermal Pattern,4,0,0,5.425,Isolated Thermal Activity,Agricultural Burning
9.09004,77.77312,348.41,311.34,37.07000000000005,10.56,2.447550863244232,0.66,8,1,251,1,1,10.56,10.56,Transient,1,0.4225614248226173,False,Normal Thermal Pattern,1,0,0,3.44,Isolated Thermal Activity,Wildfire
9.09544,77.34049,336.61,304.17,32.44,5.52,1.874874375938561,0.66,8,1,251,1,1,5.52,5.52,Transient,1,0.349504957984695,False,Normal Thermal Pattern,0,0,0,,Isolated Thermal Activity,Agricultural Burning
9.27549,78.66257,338.63,305.96,32.670000000000016,5.92,1.9344157696295785,0.66,8,1,251,1,1,5.92,5.92,Transient,1,0.3529884142789285,False,Normal Thermal Pattern,0,0,0,,Isolated Thermal Activity,Agricultural Burning
9.31614,78.72684,345.46,305.14,40.31999999999999,13.24,2.65605490598383,0.66,8,1,251,1,1,13.24,13.24,Transient,1,0.4042599235178569,False,Normal Thermal Pattern,0,0,0,,Isolated Thermal Activity,Wildfire
9.34192,78.82452,337.52,304.14,33.379999999999995,31.48,3.4806245152934774,0.66,8,1,251,1,1,31.48,31.48,Transient,-1,0.5683696639288716,True,ML Anomaly,4,0,0,4.1625,Isolated Thermal Activity,Wildfire
9.38507,80.44005,341.4,300.05,41.349999999999966,7.81,2.175887439948088,0.66,8,1,251,6,5,5.973333333333334,8.13,Recurring,1,0.4608412539230659,False,Normal Thermal Pattern,32,24,1,9.5559375,Persistent Local Activity,Industrial Fire
9.38563,80.44428,339.39,300.05,39.339999999999975,7.81,2.175887439948088,0.66,8,1,251,6,5,5.973333333333334,8.13,Recurring,1,0.4582348886837342,False,Normal Thermal Pattern,33,24,0,9.625454545454543,Recurring Local Activity,Industrial Fire
9.52653,77.79057,342.79,309.7,33.09000000000003,14.47,2.738902664584975,0.66,8,1,251,1,1,14.47,14.47,Transient,1,0.4278283554717897,False,Normal Thermal Pattern,0,0,0,,Isolated Thermal Activity,Wildfire
9.53313,78.64571,346.35,312.4,33.950000000000045,54.78,4.021415382199343,0.66,8,1,251,1,1,54.78,54.78,Transient,-1,0.6903536785909802,True,ML Anomaly,0,0,0,,Isolated Thermal Activity,Wildfire
9.75825,78.38308,336.88,310.77,26.110000000000014,2.91,1.3635373739972745,0.33,8,1,251,1,1,2.91,2.91,Transient,1,0.4596031110924707,False,Normal Thermal Pattern,4,0,0,5.5225,Isolated Thermal Activity,Agricultural Burning
9.85383,77.64912,335.9,308.28,27.620000000000005,5.26,1.8341801851120072,0.33,8,1,251,1,1,5.26,5.26,Transient,1,0.4323520137412592,False,Normal Thermal Pattern,0,0,0,,Isolated Thermal Activity,Agricultural Burning
9.86731,78.65581,336.69,306.77,29.920000000000016,3.23,1.4422019930581866,0.33,8,1,251,1,1,3.23,3.23,Transient,1,0.4313947372533416,False,Normal Thermal Pattern,0,0,0,,Isolated Thermal Activity,Agricultural Burning
9.96227,78.9623,336.26,302.92,33.339999999999975,3.07,1.4036429994545037,0.66,8,1,251,1,1,3.07,3.07,Transient,1,0.3553673216105019,False,Normal Thermal Pattern,0,0,0,,Isolated Thermal Activity,Agricultural Burning
9.97272,78.71961,331.94,306.26,25.680000000000007,1.96,1.085189268335969,0.33,8,1,251,1,1,1.96,1.96,Transient,1,0.4717364565069611,False,Normal Thermal Pattern,0,0,0,,Isolated Thermal Activity,Agricultural Burning
10.04153,78.05537,338.27,307.97,30.299999999999955,2.16,1.1505720275988207,0.66,8,1,251,1,1,2.16,2.16,Transient,1,0.3966284176671643,False,Normal Thermal Pattern,1,0,0,3.52,Isolated Thermal Activity,Agricultural Burning
10.16706,78.7907,338.75,304.92,33.829999999999984,3.99,1.6074359097634274,0.66,8,1,251,1,1,3.99,3.99,Transient,1,0.3518001463843662,False,Normal Thermal Pattern,1,0,0,3.25,Isolated Thermal Activity,Agricultural Burning
10.17314,78.80556,332.18,305.28,26.90000000000004,3.25,1.4469189829363254,0.33,8,1,251,1,1,3.25,3.25,Transient,1,0.4390863939283511,False,Normal Thermal Pattern,1,0,0,3.99,Isolated Thermal Activity,Agricultural Burning
10.23821,79.09862,344.63,309.9,34.73000000000002,10.75,2.463853240590168,0.66,8,1,251,1,1,10.75,10.75,Transient,1,0.41143899161359,False,Normal Thermal Pattern,0,0,0,,Isolated Thermal Activity,Wildfire
10.27256,77.2524,341.4,315.02,26.379999999999995,16.81,2.87976009730157,0.33,8,1,251,4,3,8.6075,16.81,Transient,-1,0.5750148542149722,True,ML Anomaly,4,0,0,4.675,Isolated Thermal Activity,Wildfire
10.40929,79.80421,338.02,304.04,33.97999999999996,3.37,1.4747630091074988,0.66,8,1,251,1,1,3.37,3.37,Transient,1,0.3531205523437638,False,Normal Thermal Pattern,0,0,0,,Isolated Thermal Activity,Agricultural Burning
10.42191,79.25281,367.0,309.42,57.579999999999984,13.69,2.6871669901857858,1.0,8,1,251,2,1,14.61,15.53,Transient,-1,0.5641729597411236,True,ML Anomaly,3,0,0,9.659999999999998,Isolated Thermal Activity,Wildfire
10.42648,79.25591,350.01,308.23,41.77999999999997,15.53,2.805176911832933,0.66,8,1,251,2,1,14.61,15.53,Transient,1,0.4400554878510034,False,Normal Thermal Pattern,3,0,0,9.046666666666669,Isolated Thermal Activity,Wildfire
10.43482,77.7946,341.46,308.28,33.18000000000001,9.44,2.3456445824544927,0.66,8,1,251,1,1,9.44,9.44,Transient,1,0.388994157157625,False,Normal Thermal Pattern,0,0,0,,Isolated Thermal Activity,Wildfire
10.49573,78.17871,335.43,309.55,25.879999999999995,5.23,1.8293763327993613,0.33,8,1,251,1,1,5.23,5.23,Transient,1,0.4453883838311602,False,Normal Thermal Pattern,0,0,0,,Isolated Thermal Activity,Agricultural Burning
10.55287,77.33337,340.8,312.49,28.31,9.0,2.302585092994046,0.33,8,1,251,1,1,9.0,9.0,Transient,1,0.4747626451025364,False,Normal Thermal Pattern,0,0,0,,Isolated Thermal Activity,Wildfire
10.55847,78.78347,341.32,303.61,37.70999999999998,5.9,1.9315214116032136,0.66,8,1,251,1,1,5.9,5.9,Transient,1,0.3485828100957692,False,Normal Thermal Pattern,0,0,0,,Isolated Thermal Activity,Agricultural Burning
10.75671,78.84985,335.72,309.18,26.54000000000002,2.77,1.3270750014599193,0.33,8,1,251,1,1,2.77,2.77,Transient,1,0.4507977179401742,False,Normal Thermal Pattern,1,0,0,1.6,Isolated Thermal Activity,Agricultural Burning
10.78588,78.80675,338.74,309.45,29.29000000000002,1.68,0.9858167945227652,0.33,8,1,251,1,1,1.68,1.68,Transient,1,0.4742770035084458,False,Normal Thermal Pattern,0,0,0,,Isolated Thermal Activity,Agricultural Burning
10.78738,77.37723,340.07,310.99,29.079999999999984,6.63,2.032087845296365,0.33,8,1,251,2,1,6.57,6.63,Transient,1,0.4619902795365683,False,Normal Thermal Pattern,1,0,0,6.51,Isolated Thermal Activity,Agricultural Burning
10.7879,77.37819,340.86,311.05,29.81,6.51,2.0162354657760435,0.33,8,1,251,2,1,6.57,6.63,Transient,1,0.4596655823840647,False,Normal Thermal Pattern,1,0,0,6.63,Isolated Thermal Activity,Agricultural Burning
10.80565,78.98431,346.36,310.46,35.900000000000034,6.58,2.0255131996542803,0.66,8,1,251,1,1,6.58,6.58,Transient,1,0.3821292482900706,False,Normal Thermal Pattern,0,0,0,,Isolated Thermal Activity,Agricultural Burning
10.86482,77.44711,338.97,311.12,27.850000000000023,4.39,1.6845453849209058,0.33,8,1,251,1,1,4.39,4.39,Transient,1,0.4438071191560339,False,Normal Thermal Pattern,0,0,0,,Isolated Thermal Activity,Agricultural Burning
10.92993,77.06577,337.44,307.43,30.00999999999999,5.02,1.7950872593207297,0.66,8,1,251,1,1,5.02,5.02,Transient,1,0.3635912061706838,False,Normal Thermal Pattern,0,0,0,,Isolated Thermal Activity,Agricultural Burning
11.02627,77.50809,338.93,308.69,30.24000000000001,8.94,2.2965670206684825,0.66,8,1,251,1,1,8.94,8.94,Transient,1,0.3898980643303435,False,Normal Thermal Pattern,0,0,0,,Isolated Thermal Activity,Wildfire
11.12294,77.05234,343.69,310.02,33.670000000000016,15.77,2.8195915758351173,0.66,8,1,251,1,1,15.77,15.77,Transient,1,0.4383543428139224,False,Normal Thermal Pattern,0,0,0,,Isolated Thermal Activity,Wildfire
11.13888,79.6744,330.75,302.67,28.079999999999984,1.57,0.9439058989071284,0.33,8,1,251,1,1,1.57,1.57,Transient,1,0.4685424359615842,False,Normal Thermal Pattern,0,0,0,,Isolated Thermal Activity,Agricultural Burning
11.14424,79.74757,331.38,301.7,29.680000000000007,2.46,1.2412685890696329,0.33,8,1,251,1,1,2.46,2.46,Transient,1,0.4491547645873882,False,Normal Thermal Pattern,0,0,0,,Isolated Thermal Activity,Agricultural Burning
11.16188,77.30102,339.64,308.34,31.30000000000001,5.8,1.916922612182061,0.66,8,1,251,1,1,5.8,5.8,Transient,1,0.3625898984491273,False,Normal Thermal Pattern,0,0,0,,Isolated Thermal Activity,Agricultural Burning
11.17862,79.84267,336.29,302.6,33.69,7.35,2.122261538862764,0.66,8,1,251,1,1,7.35,7.35,Transient,1,0.3565607002737376,False,Normal Thermal Pattern,0,0,0,,Isolated Thermal Activity,Agricultural Burning
11.18239,77.23586,337.91,305.16,32.75,7.38,2.1258479144939915,0.66,8,1,251,1,1,7.38,7.38,Transient,1,0.3611797811730032,False,Normal Thermal Pattern,0,0,0,,Isolated Thermal Activity,Agricultural Burning
11.29268,79.53696,340.47,302.23,38.24000000000001,5.31,1.8421356765531216,0.66,8,1,251,2,1,5.34,5.37,Transient,1,0.3472419661148612,False,Normal Thermal Pattern,1,0,0,5.37,Isolated Thermal Activity,Agricultural Burning
11.29362,79.53706,336.2,301.32,34.879999999999995,5.37,1.851599469584072,0.66,8,1,251,2,1,5.34,5.37,Transient,1,0.3480491828967126,False,Normal Thermal Pattern,1,0,0,5.31,Isolated Thermal Activity,Agricultural Burning
11.44426,79.2206,330.32,301.33,28.99000000000001,2.6,1.2809338454620642,0.33,8,1,251,1,1,2.6,2.6,Transient,1,0.4497004895538055,False,Normal Thermal Pattern,2,0,0,4.595,Isolated Thermal Activity,Agricultural Burning
11.46137,79.28418,332.24,304.44,27.80000000000001,3.45,1.4929040961781488,0.33,8,1,251,1,1,3.45,3.45,Transient,1,0.4287202608803276,False,Normal Thermal Pattern,0,0,0,,Isolated Thermal Activity,Agricultural Burning
11.47736,78.03462,338.17,306.83,31.340000000000032,7.99,2.196112848483529,0.66,8,1,251,1,1,7.99,7.99,Transient,1,0.3709424174510769,False,Normal Thermal Pattern,0,0,0,,Isolated Thermal Activity,Agricultural Burning
11.70611,78.73426,337.6,309.21,28.390000000000043,3.05,1.3987168811184478,0.66,8,1,251,1,1,3.05,3.05,Transient,1,0.3856340652835486,False,Normal Thermal Pattern,0,0,0,,Isolated Thermal Activity,Agricultural Burning
11.999,79.72091,332.98,303.48,29.5,4.93,1.780024213009634,0.33,8,1,251,1,1,4.93,4.93,Transient,1,0.424501015288872,False,Normal Thermal Pattern,0,0,0,,Isolated Thermal Activity,Agricultural Burning
12.09626,77.0597,348.73,316.96,31.77000000000004,20.08,3.048324723673161,0.66,8,1,251,1,1,20.08,20.08,Transient,1,0.5180365338320821,False,Normal Thermal Pattern,0,0,0,,Isolated Thermal Activity,Wildfire
12.47741,78.93455,342.01,301.35,40.65999999999997,16.2,2.844909383819408,0.66,8,1,251,1,1,16.2,16.2,Transient,1,0.4171010624303912,False,Normal Thermal Pattern,0,0,0,,Isolated Thermal Activity,Wildfire
12.53124,78.209,333.37,307.81,25.56,3.75,1.55814461804655,0.33,8,1,251,1,1,3.75,3.75,Transient,1,0.4432332410507041,False,Normal Thermal Pattern,0,0,0,,Isolated Thermal Activity,Agricultural Burning
12.71969,79.77961,333.09,305.08,28.00999999999999,6.31,1.9892432737616872,0.33,8,1,251,1,1,6.31,6.31,Transient,1,0.434908909123521,False,Normal Thermal Pattern,1,0,0,6.14,Isolated Thermal Activity,Agricultural Burning
13.38639,78.22185,341.05,306.3,34.75,3.35,1.4701758451005926,0.66,8,1,251,1,1,3.35,3.35,Transient,1,0.3654745488055577,False,Normal Thermal Pattern,0,0,0,,Isolated Thermal Activity,Agricultural Burning
13.03041,77.87395,310.53,288.5,22.029999999999973,1.04,0.712949807856125,0.66,20,1,251,3,1,1.086666666666667,1.11,Transient,1,0.4785787865664567,False,Normal Thermal Pattern,3,0,0,1.7400000000000002,Isolated Thermal Activity,Agricultural Burning
13.03228,77.87708,301.88,288.37,13.509999999999993,1.11,0.7466879474879752,0.66,20,1,251,3,1,1.086666666666667,1.11,Transient,1,0.4914794551211193,False,Normal Thermal Pattern,3,0,0,1.7166666666666668,Isolated Thermal Activity,Agricultural Burning
13.03289,77.87395,313.38,288.65,24.73000000000001,1.11,0.7466879474879752,0.66,20,1,251,3,1,1.086666666666667,1.11,Transient,1,0.4772185103205638,False,Normal Thermal Pattern,3,0,0,1.7166666666666668,Isolated Thermal Activity,Agricultural Burning
8.96161,77.40189,306.06,293.72,12.339999999999977,0.56,0.4446858212614457,0.66,20,1,251,1,1,0.56,0.56,Transient,1,0.506732585925361,False,Normal Thermal Pattern,3,0,0,5.423333333333333,Isolated Thermal Activity,Agricultural Burning
10.26176,77.25022,308.6,289.86,18.74000000000001,1.08,0.7323678937132266,0.66,20,1,251,1,1,1.08,1.08,Transient,1,0.4603208798339432,False,Normal Thermal Pattern,4,0,0,8.6075,Isolated Thermal Activity,Agricultural Burning
10.26518,77.26077,300.34,290.14,10.199999999999989,0.64,0.494696241836107,0.66,20,1,251,4,3,8.6075,16.81,Transient,-1,0.5818839893944275,True,ML Anomaly,4,0,0,8.717500000000001,Isolated Thermal Activity,Agricultural Burning
10.61471,77.42147,302.44,290.34,12.100000000000025,0.4,0.3364722366212129,0.66,20,1,251,4,3,0.875,1.51,Transient,-1,0.5352817324394791,True,ML Anomaly,3,0,0,1.0333333333333334,Isolated Thermal Activity,Agricultural Burning
10.61572,77.41997,304.11,289.39,14.720000000000027,0.25,0.2231435513142097,0.66,20,1,251,4,3,0.875,1.51,Transient,1,0.5304536939538207,False,Normal Thermal Pattern,3,0,0,1.0833333333333333,Isolated Thermal Activity,Agricultural Burning
11.03921,77.58987,303.79,291.03,12.760000000000048,0.36,0.3074846997479606,0.66,20,1,251,1,1,0.36,0.36,Transient,1,0.5153139108206879,False,Normal Thermal Pattern,0,0,0,,Isolated Thermal Activity,Agricultural Burning
11.18072,79.10183,305.61,292.61,13.0,2.15,1.1474024528375415,0.66,20,1,251,6,4,1.3433333333333335,2.15,Recurring,-1,0.5440656725437668,True,ML Anomaly,5,5,0,1.182,Recurring Local Activity,Agricultural Burning
11.1821,79.09983,311.76,293.07,18.69,1.75,1.01160091167848,0.66,20,1,251,6,4,1.3433333333333335,2.15,Recurring,1,0.5325258382529662,False,Normal Thermal Pattern,5,5,0,1.262,Recurring Local Activity,Agricultural Burning
11.42799,77.36931,314.3,290.94,23.360000000000014,1.28,0.8241754429663494,0.66,20,1,251,1,1,1.28,1.28,Transient,1,0.4563933438010533,False,Normal Thermal Pattern,2,0,0,2.03,Isolated Thermal Activity,Agricultural Burning
8.02913,80.45529,334.04,306.52,27.52000000000004,2.08,1.1249295969854831,0.33,8,2,252,1,1,2.08,2.08,Transient,1,0.4563126979978985,False,Normal Thermal Pattern,6,0,0,7.519999999999999,High Local Thermal Density,Agricultural Burning
8.03748,80.05777,334.99,303.12,31.870000000000005,5.78,1.913977101952304,0.66,8,2,252,2,1,4.965,5.78,Transient,1,0.351424726582846,False,Normal Thermal Pattern,4,0,0,4.8475,Isolated Thermal Activity,Agricultural Burning
8.03777,80.49038,340.92,307.21,33.71000000000004,8.93,2.295560478057081,0.66,8,2,252,1,1,8.93,8.93,Transient,1,0.3767812104447682,False,Normal Thermal Pattern,1,0,0,2.08,Isolated Thermal Activity,Wildfire
8.03801,80.06126,333.87,302.31,31.56,4.15,1.6389967146756448,0.66,8,2,252,2,1,4.965,5.78,Transient,1,0.3550117559613477,False,Normal Thermal Pattern,3,0,0,5.3933333333333335,Isolated Thermal Activity,Agricultural Burning
8.03962,80.22958,338.66,307.44,31.220000000000027,4.39,1.6845453849209058,0.66,8,2,252,2,2,5.08,5.77,Transient,1,0.3842495906364171,False,Normal Thermal Pattern,5,0,0,9.872,High Local Thermal Density,Agricultural Burning
8.04974,80.00166,334.1,306.84,27.260000000000048,6.05,1.9530276168241767,0.33,8,2,252,2,2,6.725,7.4,Transient,1,0.4558677311242127,False,Normal Thermal Pattern,4,0,0,16.29,Isolated Thermal Activity,Agricultural Burning
8.05507,80.40058,348.56,308.34,40.22000000000003,8.29,2.228938552825748,0.66,8,2,252,2,1,11.265,14.24,Transient,1,0.4080581451650142,False,Normal Thermal Pattern,10,0,0,6.976999999999999,High Local Thermal Density,Industrial Fire
8.0556,80.40413,349.5,308.93,40.56999999999999,14.24,2.7239235502585,0.66,8,2,252,2,1,11.265,14.24,Transient,1,0.4263456116960281,False,Normal Thermal Pattern,10,0,0,6.382,High Local Thermal Density,Industrial Fire
8.07328,80.09106,334.15,301.54,32.60999999999996,6.81,2.0554049638515948,0.66,8,2,252,1,1,6.81,6.81,Transient,1,0.3590523802789228,False,Normal Thermal Pattern,4,0,0,5.762499999999999,Isolated Thermal Activity,Agricultural Burning
8.08427,80.3455,335.79,305.0,30.79000000000002,2.24,1.175573329804238,0.66,8,2,252,1,1,2.24,2.24,Transient,1,0.3851772061289693,False,Normal Thermal Pattern,0,0,0,,Isolated Thermal Activity,Agricultural Burning
8.09668,79.90884,333.13,300.38,32.75,3.11,1.413423028508143,0.66,8,2,252,1,1,3.11,3.11,Transient,1,0.3563673090970755,False,Normal Thermal Pattern,2,0,0,4.35,Isolated Thermal Activity,Agricultural Burning
8.10521,80.10054,330.02,302.19,27.829999999999984,9.49,2.3504224224082058,0.33,8,2,252,1,1,9.49,9.49,Transient,1,0.4646733799515098,False,Normal Thermal Pattern,5,0,0,4.364,High Local Thermal Density,Industrial Fire
8.1251,80.09753,343.06,307.09,35.97000000000003,4.93,1.780024213009634,0.66,8,2,252,2,1,4.93,4.93,Transient,1,0.3581840948019092,False,Normal Thermal Pattern,4,0,0,4.8925,Isolated Thermal Activity,Agricultural Burning
8.12842,80.09703,343.49,306.36,37.13,4.93,1.780024213009634,0.66,8,2,252,2,1,4.93,4.93,Transient,1,0.3602903848762943,False,Normal Thermal Pattern,3,0,0,5.47,Isolated Thermal Activity,Agricultural Burning
8.18763,80.10533,334.78,303.13,31.649999999999977,3.74,1.556037135706985,0.66,8,2,252,1,1,3.74,3.74,Transient,1,0.3533988718415457,False,Normal Thermal Pattern,0,0,0,,Isolated Thermal Activity,Agricultural Burning
8.22883,80.35868,337.36,305.05,32.31,3.25,1.4469189829363254,0.66,8,2,252,2,1,6.19,9.13,Transient,1,0.3745844728580681,False,Normal Thermal Pattern,8,0,0,5.1325,High Local Thermal Density,Agricultural Burning
8.23216,80.35817,342.97,305.41,37.56,9.13,2.315501318260592,0.66,8,2,252,2,1,6.19,9.13,Transient,1,0.3753923534250536,False,Normal Thermal Pattern,9,0,0,4.678888888888888,High Local Thermal Density,Industrial Fire
8.26458,80.32429,333.06,306.42,26.639999999999983,4.47,1.6992786164338898,0.33,8,2,252,4,3,5.815,8.67,Transient,1,0.4942260585913483,False,Normal Thermal Pattern,9,0,0,4.153333333333333,High Local Thermal Density,Agricultural Burning
8.27032,80.29445,336.41,305.15,31.260000000000048,6.91,2.0681277817795625,0.66,8,2,252,2,1,6.025,6.91,Transient,1,0.3645079886655713,False,Normal Thermal Pattern,14,0,0,4.897142857142858,High Local Thermal Density,Industrial Fire
8.27751,80.29699,334.89,304.84,30.05000000000001,5.14,1.814824742159051,0.66,8,2,252,2,1,6.025,6.91,Transient,1,0.3639929218545126,False,Normal Thermal Pattern,15,0,0,5.061333333333335,High Local Thermal Density,Agricultural Burning
8.28111,80.16239,335.72,305.3,30.420000000000016,2.68,1.3029127521808397,0.66,8,2,252,1,1,2.68,2.68,Transient,1,0.3700291741231702,False,Normal Thermal Pattern,5,0,0,4.648000000000001,High Local Thermal Density,Agricultural Burning
8.30576,80.48531,341.74,308.69,33.05000000000001,6.8,2.0541237336955462,0.66,8,2,252,1,1,6.8,6.8,Transient,1,0.3666708362680573,False,Normal Thermal Pattern,0,0,0,,Isolated Thermal Activity,Agricultural Burning
8.30893,80.28085,336.4,306.47,29.92999999999995,5.14,1.814824742159051,0.33,8,2,252,1,1,5.14,5.14,Transient,1,0.4260599702591859,False,Normal Thermal Pattern,14,0,0,5.414285714285714,High Local Thermal Density,Agricultural Burning
8.38202,80.29152,337.44,303.86,33.579999999999984,4.53,1.7101878155342434,0.66,8,2,252,2,1,5.890000000000001,7.25,Transient,1,0.3531956041111864,False,Normal Thermal Pattern,11,0,0,6.361818181818182,High Local Thermal Density,Agricultural Burning
8.38482,80.28748,340.3,308.24,32.06,7.25,2.110213200346589,0.66,8,2,252,2,1,5.890000000000001,7.25,Transient,1,0.3695569304123981,False,Normal Thermal Pattern,11,0,0,6.114545454545455,High Local Thermal Density,Industrial Fire
8.38602,80.27281,334.08,305.39,28.69,3.82,1.572773928062509,0.33,8,2,252,2,1,3.82,3.82,Transient,1,0.4332255855127891,False,Normal Thermal Pattern,6,0,0,8.148333333333333,High Local Thermal Density,Agricultural Burning
8.38655,80.27634,339.26,309.63,29.629999999999995,3.82,1.572773928062509,0.33,8,2,252,2,1,3.82,3.82,Transient,1,0.4434710148863004,False,Normal Thermal Pattern,6,0,0,8.148333333333333,High Local Thermal Density,Agricultural Burning
8.39316,80.45707,340.53,306.78,33.75,5.25,1.8325814637483104,0.66,8,2,252,3,1,4.32,5.74,Transient,1,0.3715948475674736,False,Normal Thermal Pattern,10,0,0,4.814,High Local Thermal Density,Agricultural Burning
8.39369,80.46064,337.38,306.57,30.81,5.74,1.908059924924216,0.66,8,2,252,3,1,4.32,5.74,Transient,1,0.376849946446704,False,Normal Thermal Pattern,10,0,0,4.765,High Local Thermal Density,Agricultural Burning
8.394,80.32594,337.38,306.8,30.579999999999984,3.14,1.420695787837223,0.66,8,2,252,2,2,3.33,3.52,Transient,1,0.3908851399867725,False,Normal Thermal Pattern,9,0,0,5.365555555555556,High Local Thermal Density,Agricultural Burning
8.39704,80.46014,334.39,305.5,28.889999999999983,1.97,1.0885619528146082,0.33,8,2,252,3,1,4.32,5.74,Transient,1,0.4712784921712661,False,Normal Thermal Pattern,10,0,0,5.142,High Local Thermal Density,Agricultural Burning
8.40413,80.21223,336.1,307.32,28.78000000000003,3.67,1.541159071680806,0.33,8,2,252,4,2,8.0825,10.26,Transient,1,0.4862929577831167,False,Normal Thermal Pattern,12,0,0,7.716666666666666,High Local Thermal Density,Agricultural Burning
8.47588,80.48859,336.08,305.55,30.529999999999973,3.31,1.4609379041156565,0.66,8,2,252,3,2,4.726666666666667,5.79,Transient,1,0.3966559598611471,False,Normal Thermal Pattern,12,6,0,6.778333333333333,Recurring Local Activity,Agricultural Burning
8.49775,80.1795,336.54,305.28,31.260000000000048,7.5,2.1400661634962708,0.66,8,2,252,1,1,7.5,7.5,Transient,1,0.363737638659955,False,Normal Thermal Pattern,9,0,0,9.868888888888888,High Local Thermal Density,Industrial Fire
8.50176,80.36421,337.16,307.66,29.5,4.89,1.7732559976634952,0.33,8,2,252,1,1,4.89,4.89,Transient,1,0.4258730369851493,False,Normal Thermal Pattern,6,0,0,8.850000000000001,High Local Thermal Density,Agricultural Burning
8.52244,80.34608,330.05,301.92,28.129999999999995,1.78,1.0224509277025458,0.33,8,2,252,2,1,1.78,1.78,Transient,1,0.4774734098816268,False,Normal Thermal Pattern,3,0,0,9.143333333333334,Isolated Thermal Activity,Agricultural Burning
8.52577,80.34558,331.74,301.9,29.840000000000032,1.78,1.0224509277025458,0.66,8,2,252,2,1,1.78,1.78,Transient,1,0.3954933388358462,False,Normal Thermal Pattern,3,0,0,9.143333333333333,Isolated Thermal Activity,Agricultural Burning
8.55865,80.4062,347.73,304.64,43.09000000000003,9.1,2.312535423847214,0.66,8,2,252,1,1,9.1,9.1,Transient,1,0.3892896077658112,False,Normal Thermal Pattern,11,0,0,6.752727272727273,High Local Thermal Density,Industrial Fire
8.60604,77.9667,337.74,304.51,33.23000000000002,13.51,2.6748380668960965,0.33,8,2,252,7,6,9.955714285714285,22.28,Recurring,-1,0.58124131894794,True,ML Anomaly,8,6,0,8.22,Recurring Local Activity,Industrial Fire
8.60838,80.37315,338.16,307.53,30.63000000000005,4.58,1.7191887763932197,0.66,8,2,252,2,2,3.665,4.58,Transient,1,0.3844639257379271,False,Normal Thermal Pattern,15,0,0,5.732,High Local Thermal Density,Agricultural Burning
8.61144,80.41646,340.46,306.84,33.620000000000005,4.07,1.623340817603092,0.66,8,2,252,2,1,4.045,4.07,Transient,1,0.3591817673553764,False,Normal Thermal Pattern,17,1,0,11.298235294117646,High Local Thermal Density,Agricultural Burning
8.61532,80.41953,339.38,306.72,32.65999999999997,4.02,1.6134299337036375,0.66,8,2,252,2,1,4.045,4.07,Transient,1,0.3594313739849574,False,Normal Thermal Pattern,16,2,0,13.398125,Recurring Local Activity,Agricultural Burning
8.6525,80.42069,340.31,305.69,34.620000000000005,6.18,1.9712993830601329,0.66,8,2,252,2,1,5.18,6.18,Transient,1,0.3554058917896075,False,Normal Thermal Pattern,15,0,0,7.003333333333335,High Local Thermal Density,Industrial Fire
8.65355,80.42785,333.72,302.56,31.160000000000025,4.18,1.6448050562713916,0.66,8,2,252,2,1,5.18,6.18,Transient,1,0.3579141528273518,False,Normal Thermal Pattern,12,0,0,7.810833333333334,High Local Thermal Density,Agricultural Burning
8.68907,80.36769,338.31,307.4,30.910000000000025,6.36,1.9960599327407849,0.66,8,2,252,2,1,6.95,7.54,Transient,1,0.3667083829729978,False,Normal Thermal Pattern,10,0,0,5.36,High Local Thermal Density,Industrial Fire
8.69013,80.37483,338.78,305.02,33.75999999999999,7.54,2.1447610078004784,0.66,8,2,252,2,1,6.95,7.54,Transient,1,0.3607399530796231,False,Normal Thermal Pattern,9,0,0,5.544444444444444,High Local Thermal Density,Industrial Fire
8.88022,80.30549,335.32,304.98,30.33999999999997,2.92,1.366091653802371,0.66,8,2,252,1,1,2.92,2.92,Transient,1,0.3645069542242755,False,Normal Thermal Pattern,0,0,0,,Isolated Thermal Activity,Agricultural Burning
8.91769,80.44263,332.34,303.75,28.58999999999997,8.83,2.285438934159075,0.33,8,2,252,2,2,9.205,9.58,Transient,1,0.470693833283545,False,Normal Thermal Pattern,10,5,0,9.197,Recurring Local Activity,Industrial Fire
9.04945,80.07238,346.63,307.7,38.93000000000001,10.58,2.449279472144849,0.66,8,2,252,1,1,10.58,10.58,Transient,1,0.3979875446232661,False,Normal Thermal Pattern,0,0,0,,Isolated Thermal Activity,Wildfire
9.09781,80.2832,335.37,306.52,28.850000000000023,3.1,1.410986973710262,0.33,8,2,252,2,2,2.95,3.1,Transient,1,0.4593749271099334,False,Normal Thermal Pattern,8,0,0,5.1775,High Local Thermal Density,Agricultural Burning
9.25298,80.27391,336.86,306.28,30.58000000000004,8.56,2.25758772706331,0.66,8,2,252,3,2,12.01,16.27,Transient,1,0.4184729956853906,False,Normal Thermal Pattern,3,0,0,10.536666666666669,Isolated Thermal Activity,Wildfire
9.37343,78.79734,340.21,308.35,31.85999999999996,5.14,1.814824742159051,0.66,8,2,252,1,1,5.14,5.14,Transient,1,0.3605675902227584,False,Normal Thermal Pattern,7,0,0,7.417142857142857,High Local Thermal Density,Agricultural Burning
9.38095,80.47141,339.58,306.45,33.129999999999995,3.09,1.4085449700547104,0.66,8,2,252,3,1,12.946666666666667,30.5,Transient,1,0.4559229683438527,False,Normal Thermal Pattern,22,14,0,9.58318181818182,Recurring Local Activity,Agricultural Burning
9.38323,80.46365,339.56,307.26,32.30000000000001,5.25,1.8325814637483104,0.66,8,2,252,3,1,12.946666666666667,30.5,Transient,1,0.444287260101774,False,Normal Thermal Pattern,24,16,0,8.977916666666667,Recurring Local Activity,Agricultural Burning
9.38539,80.47816,341.18,310.23,30.94999999999999,30.5,3.449987545831587,0.66,8,2,252,3,1,12.946666666666667,30.5,Transient,-1,0.550385394630561,True,ML Anomaly,21,14,0,8.48857142857143,Recurring Local Activity,Industrial Fire
9.39973,80.41304,344.51,308.67,35.839999999999975,4.91,1.776645831418007,0.66,8,2,252,9,5,11.636666666666663,29.65,Recurring,-1,0.5373069201485732,True,ML Anomaly,45,16,12,9.03622222222222,Persistent Local Activity,Agricultural Burning
9.40197,80.41294,339.98,308.45,31.53000000000003,6.53,2.018895041811802,0.66,8,2,252,9,5,11.636666666666663,29.65,Recurring,-1,0.5337750730850783,True,ML Anomaly,47,16,12,8.922765957446808,Persistent Local Activity,Industrial Fire
9.40497,80.38664,336.45,309.49,26.95999999999998,3.2,1.4350845252893227,0.33,8,2,252,4,2,6.3225,9.23,Transient,1,0.4969938982945869,False,Normal Thermal Pattern,46,12,12,8.451521739130435,Persistent Local Activity,Agricultural Burning
9.40639,80.41968,349.13,311.59,37.54000000000002,9.68,2.3683728335320486,0.66,8,2,252,9,5,11.636666666666663,29.65,Recurring,-1,0.5583336830818558,True,ML Anomaly,51,22,12,8.880588235294118,Persistent Local Activity,Industrial Fire
9.41557,80.38874,339.55,308.34,31.21000000000004,4.12,1.6331544390514163,0.66,8,2,252,24,9,9.203333333333331,24.67,Persistent,-1,0.6307100555180796,True,ML Anomaly,47,12,11,8.316382978723404,Persistent Local Activity,Agricultural Burning
9.58811,80.33266,336.01,303.23,32.77999999999997,3.65,1.536867219599265,0.66,8,2,252,1,1,3.65,3.65,Transient,1,0.3509191254886523,False,Normal Thermal Pattern,0,0,0,,Isolated Thermal Activity,Agricultural Burning
10.27511,77.2542,346.34,307.77,38.56999999999999,9.28,2.330200260027019,0.66,8,2,252,4,3,8.6075,16.81,Transient,1,0.4474787729553721,False,Normal Thermal Pattern,4,0,0,6.5575,Isolated Thermal Activity,Wildfire
10.34697,79.31435,335.65,298.64,37.00999999999999,2.96,1.3762440252663892,0.66,8,2,252,1,1,2.96,2.96,Transient,1,0.3539799567068753,False,Normal Thermal Pattern,0,0,0,,Isolated Thermal Activity,Agricultural Burning
10.43594,77.06713,338.92,307.05,31.870000000000005,14.78,2.7587433154177283,0.66,8,2,252,2,2,7.715,14.78,Transient,1,0.4249982747527112,False,Normal Thermal Pattern,1,0,0,0.65,Isolated Thermal Activity,Wildfire
10.52183,79.2366,336.16,300.9,35.26000000000005,2.67,1.3001916620664788,0.66,8,2,252,1,1,2.67,2.67,Transient,1,0.3568928340614146,False,Normal Thermal Pattern,1,0,0,6.78,Isolated Thermal Activity,Agricultural Burning
10.53991,79.67301,340.24,306.46,33.78000000000003,7.05,2.0856720914304723,0.66,8,2,252,1,1,7.05,7.05,Transient,1,0.3598595274738609,False,Normal Thermal Pattern,1,0,0,6.97,Isolated Thermal Activity,Agricultural Burning
10.54028,77.77425,343.33,311.07,32.25999999999999,6.28,1.9851308622085944,0.66,8,2,252,1,1,6.28,6.28,Transient,1,0.3841625323584862,False,Normal Thermal Pattern,0,0,0,,Isolated Thermal Activity,Agricultural Burning
10.55722,79.22038,341.0,306.72,34.27999999999997,6.78,2.0515563381903004,0.66,8,2,252,1,1,6.78,6.78,Transient,1,0.3609641422532983,False,Normal Thermal Pattern,1,0,0,2.67,Isolated Thermal Activity,Agricultural Burning
10.81844,79.1286,336.1,305.73,30.370000000000005,1.82,1.0367368849500225,0.66,8,2,252,1,1,1.82,1.82,Transient,1,0.3983553212673259,False,Normal Thermal Pattern,0,0,0,,Isolated Thermal Activity,Agricultural Burning
10.96822,79.55919,334.45,294.89,39.56,1.35,0.8544153281560676,0.66,8,2,252,1,1,1.35,1.35,Transient,1,0.4004658882039295,False,Normal Thermal Pattern,0,0,0,,Isolated Thermal Activity,Agricultural Burning
11.18182,79.09955,334.17,306.04,28.129999999999995,0.86,0.6205764877251099,0.33,8,2,252,6,4,1.3433333333333335,2.15,Recurring,-1,0.5712354795936282,True,ML Anomaly,5,5,0,1.44,Recurring Local Activity,Agricultural Burning
11.33365,78.77398,339.33,308.85,30.47999999999996,7.69,2.162172939277301,0.66,8,2,252,1,1,7.69,7.69,Transient,1,0.3749781584519213,False,Normal Thermal Pattern,0,0,0,,Isolated Thermal Activity,Agricultural Burning
11.89375,78.74492,339.29,306.86,32.43000000000001,3.83,1.574846467664481,0.66,8,2,252,1,1,3.83,3.83,Transient,1,0.3590272770065968,False,Normal Thermal Pattern,0,0,0,,Isolated Thermal Activity,Agricultural Burning
12.06441,79.20458,332.99,305.07,27.920000000000016,1.03,0.708035793053696,0.33,8,2,252,1,1,1.03,1.03,Transient,1,0.4919982069530739,False,Normal Thermal Pattern,0,0,0,,Isolated Thermal Activity,Agricultural Burning
12.13256,79.73738,334.75,303.91,30.83999999999997,1.34,0.8501509293696101,0.66,8,2,252,1,1,1.34,1.34,Transient,1,0.4060366246226615,False,Normal Thermal Pattern,1,0,0,5.78,Isolated Thermal Activity,Agricultural Burning
12.14694,79.87358,337.98,300.31,37.670000000000016,3.34,1.4678743481123135,0.66,8,2,252,1,1,3.34,3.34,Transient,1,0.3526197557389521,False,Normal Thermal Pattern,0,0,0,,Isolated Thermal Activity,Agricultural Burning
12.35188,79.28709,331.99,302.33,29.660000000000025,2.17,1.1537315878891892,0.33,8,2,252,1,1,2.17,2.17,Transient,1,0.4511293273125677,False,Normal Thermal Pattern,0,0,0,,Isolated Thermal Activity,Agricultural Burning
12.60612,80.15658,332.06,297.81,34.25,2.25,1.1786549963416462,0.66,8,2,252,1,1,2.25,2.25,Transient,1,0.3740824845419097,False,Normal Thermal Pattern,0,0,0,,Isolated Thermal Activity,Agricultural Burning
12.75158,79.99687,335.4,302.07,33.329999999999984,5.39,1.854734268389444,0.66,8,2,252,1,1,5.39,5.39,Transient,1,0.3480012840339666,False,Normal Thermal Pattern,0,0,0,,Isolated Thermal Activity,Agricultural Burning
12.94421,78.92732,340.85,300.72,40.13,5.45,1.864080130807681,0.66,8,2,252,1,1,5.45,5.45,Transient,1,0.3462229153308364,False,Normal Thermal Pattern,0,0,0,,Isolated Thermal Activity,Agricultural Burning
10.61617,77.42035,305.44,292.75,12.689999999999998,1.51,0.9202827531436926,0.66,20,2,252,4,3,0.875,1.51,Transient,1,0.5161801405808917,False,Normal Thermal Pattern,3,0,0,0.6633333333333334,Isolated Thermal Activity,Agricultural Burning
11.18337,79.10139,296.98,268.22,28.75999999999999,0.75,0.5596157879354227,0.66,20,2,252,6,4,1.3433333333333335,2.15,Recurring,-1,0.6149883271140802,True,ML Anomaly,5,5,0,1.4620000000000002,Recurring Local Activity,Agricultural Burning
11.75512,77.01227,303.35,290.01,13.340000000000032,0.43,0.3576744442718159,0.66,20,2,252,1,1,0.43,0.43,Transient,1,0.5084274109625824,False,Normal Thermal Pattern,0,0,0,,Isolated Thermal Activity,Agricultural Burning
12.27269,77.37935,322.92,290.57,32.35000000000002,3.41,1.483874689458755,0.66,20,2,252,1,1,3.41,3.41,Transient,1,0.4495542401376238,False,Normal Thermal Pattern,0,0,0,,Isolated Thermal Activity,Agricultural Burning
12.74632,77.62019,302.49,290.22,12.269999999999982,0.65,0.5007752879124893,0.66,20,2,252,4,4,1.1,1.69,Transient,-1,0.5381666803442167,True,ML Anomaly,3,0,0,1.25,Isolated Thermal Activity,Agricultural Burning
12.85013,77.58395,302.4,290.51,11.889999999999986,0.41,0.3435897043900769,0.66,20,2,252,1,1,0.41,0.41,Transient,1,0.5137911993500616,False,Normal Thermal Pattern,0,0,0,,Isolated Thermal Activity,Agricultural Burning
8.0018,80.11408,331.42,299.89,31.53000000000003,4.33,1.673351238177753,0.66,7,3,253,1,1,4.33,4.33,Transient,1,0.3621074316989575,False,Normal Thermal Pattern,0,0,0,,Isolated Thermal Activity,Agricultural Burning
8.16179,80.40961,336.7,299.72,36.97999999999996,6.11,1.9615022438151493,0.66,7,3,253,1,1,6.11,6.11,Transient,1,0.3553638538536009,False,Normal Thermal Pattern,3,0,0,6.796666666666667,Isolated Thermal Activity,Agricultural Burning
8.36626,80.27986,340.57,304.09,36.48000000000002,6.9,2.066862759472976,0.66,7,3,253,1,1,6.9,6.9,Transient,1,0.3661871594005134,False,Normal Thermal Pattern,7,0,0,5.072857142857143,High Local Thermal Density,Industrial Fire
8.41569,77.66499,335.52,302.54,32.97999999999996,3.43,1.4883995840570443,0.66,7,3,253,1,1,3.43,3.43,Transient,1,0.3626414392047081,False,Normal Thermal Pattern,1,0,0,0.53,Isolated Thermal Activity,Agricultural Burning
8.43529,77.6227,336.99,304.43,32.56,1.21,0.7929925155296614,0.66,7,3,253,2,2,0.87,1.21,Transient,1,0.4540705051328946,False,Normal Thermal Pattern,3,0,0,2.57,Isolated Thermal Activity,Agricultural Burning
8.49768,80.283,332.12,301.04,31.079999999999984,4.91,1.776645831418007,0.66,7,3,253,1,1,4.91,4.91,Transient,1,0.3618202533969769,False,Normal Thermal Pattern,6,0,0,7.956666666666667,High Local Thermal Density,Agricultural Burning
8.50359,80.27306,341.02,301.03,39.99000000000001,12.38,2.5937610547000824,0.33,7,3,253,1,1,12.38,12.38,Transient,1,0.471872747674113,False,Normal Thermal Pattern,7,0,0,6.35,High Local Thermal Density,Industrial Fire
8.57501,80.36468,335.92,304.53,31.390000000000043,5.48,1.8687205103641835,0.66,7,3,253,4,2,5.7775,7.65,Transient,1,0.3987710570796058,False,Normal Thermal Pattern,9,0,0,5.0488888888888885,High Local Thermal Density,Agricultural Burning
8.57867,80.36407,334.37,303.81,30.56,6.15,1.9671123567059163,0.66,7,3,253,4,2,5.7775,7.65,Transient,1,0.4020026482803233,False,Normal Thermal Pattern,8,0,0,4.45875,High Local Thermal Density,Industrial Fire
8.57937,80.36842,332.6,301.43,31.170000000000016,3.83,1.574846467664481,0.66,7,3,253,4,2,5.7775,7.65,Transient,1,0.4066590958546459,False,Normal Thermal Pattern,9,0,0,5.232222222222222,High Local Thermal Density,Agricultural Burning
8.61568,78.09698,336.26,293.13,43.13,4.47,1.6992786164338898,0.66,7,3,253,1,1,4.47,4.47,Transient,1,0.3593569415214808,False,Normal Thermal Pattern,2,0,0,5.1,Isolated Thermal Activity,Agricultural Burning
8.70023,80.37247,334.56,306.26,28.30000000000001,7.4,2.128231705849268,0.33,7,3,253,1,1,7.4,7.4,Transient,1,0.4558365784403391,False,Normal Thermal Pattern,8,0,0,4.944999999999999,High Local Thermal Density,Industrial Fire
8.83694,80.33418,333.87,302.43,31.44,3.47,1.4973884086254776,0.33,7,3,253,1,1,3.47,3.47,Transient,1,0.4383481593151108,False,Normal Thermal Pattern,1,0,0,7.96,Isolated Thermal Activity,Agricultural Burning
8.90438,77.60378,333.52,304.14,29.379999999999995,4.95,1.7833912195575383,0.33,7,3,253,2,1,4.140000000000001,4.95,Transient,1,0.4414895621600422,False,Normal Thermal Pattern,2,0,0,5.555,Isolated Thermal Activity,Agricultural Burning
8.90687,77.60324,339.94,306.89,33.05000000000001,3.33,1.4655675420143983,0.66,7,3,253,2,1,4.140000000000001,4.95,Transient,1,0.3766015135665896,False,Normal Thermal Pattern,2,0,0,6.365,Isolated Thermal Activity,Agricultural Burning
8.94718,80.46166,344.44,304.57,39.870000000000005,15.06,2.776331708518616,0.66,7,3,253,2,1,12.64,15.06,Transient,1,0.4184052258826208,False,Normal Thermal Pattern,6,2,0,8.428333333333333,Recurring Local Activity,Industrial Fire
8.94848,80.46294,333.45,303.73,29.71999999999997,10.22,2.4176979000945504,0.33,7,3,253,2,1,12.64,15.06,Transient,1,0.4836250433853595,False,Normal Thermal Pattern,6,2,0,9.235,Recurring Local Activity,Industrial Fire
8.96667,77.85931,348.35,309.61,38.74000000000001,14.16,2.7186603802142257,0.66,7,3,253,1,1,14.16,14.16,Transient,1,0.4413634840934094,False,Normal Thermal Pattern,2,0,0,3.77,Isolated Thermal Activity,Wildfire
9.02846,80.2422,350.65,302.49,48.15999999999997,7.41,2.1294214739848565,0.66,7,3,253,2,1,8.094999999999999,8.78,Transient,1,0.4014425888242637,False,Normal Thermal Pattern,2,0,0,5.69,Isolated Thermal Activity,Agricultural Burning
9.02856,80.24287,342.15,302.72,39.42999999999995,8.78,2.280339484046726,0.66,7,3,253,2,1,8.094999999999999,8.78,Transient,1,0.3743012271422094,False,Normal Thermal Pattern,2,0,0,5.005,Isolated Thermal Activity,Wildfire
9.24767,77.89903,342.41,308.27,34.14000000000004,12.1,2.5726122302071057,0.66,7,3,253,1,1,12.1,12.1,Transient,1,0.414148494893247,False,Normal Thermal Pattern,1,0,0,5.95,Isolated Thermal Activity,Wildfire
9.2705,78.60549,343.63,304.06,39.56999999999999,2.3,1.1939224684724346,0.66,7,3,253,1,1,2.3,2.3,Transient,1,0.4024418024772692,False,Normal Thermal Pattern,0,0,0,,Isolated Thermal Activity,Agricultural Burning
9.36015,78.76106,339.16,302.15,37.01000000000005,1.88,1.0577902941478543,0.66,7,3,253,1,1,1.88,1.88,Transient,1,0.4053090141188151,False,Normal Thermal Pattern,2,0,0,4.615,Isolated Thermal Activity,Agricultural Burning
9.40057,80.47038,341.83,303.59,38.24000000000001,10.59,2.4501426573516603,0.33,7,3,253,10,5,9.654,12.91,Recurring,-1,0.5614327420435998,True,ML Anomaly,25,16,0,9.1676,Recurring Local Activity,Industrial Fire
9.4199,80.3849,353.94,306.86,47.079999999999984,24.67,3.245322994883049,0.66,7,3,253,24,9,9.203333333333331,24.67,Persistent,-1,0.6809379891429086,True,ML Anomaly,45,10,11,8.078222222222221,Persistent Local Activity,Gas Flare
9.43006,80.37888,339.92,305.2,34.72000000000003,10.01,2.3988039507345884,0.33,7,3,253,1,1,10.52,10.52,Transient,1,0.4679139216236482,False,Normal Thermal Pattern,41,5,12,7.526829268292683,Persistent Local Activity,Industrial Fire
9.40665,77.73219,305.49,287.51,17.980000000000018,1.52,0.924258901523332,0.66,20,3,253,1,1,1.52,1.52,Transient,1,0.4517219098227881,False,Normal Thermal Pattern,0,0,0,,Isolated Thermal Activity,Agricultural Burning
8.31679,80.25421,332.65,299.22,33.42999999999995,6.52,2.017566137961748,0.66,7,4,254,2,1,5.645,6.52,Transient,1,0.364104183988135,False,Normal Thermal Pattern,11,0,0,5.793636363636364,High Local Thermal Density,Industrial Fire
8.31783,80.31797,338.65,299.06,39.589999999999975,3.64,1.534714366238164,0.66,7,4,254,1,1,3.64,3.64,Transient,1,0.3581947361758608,False,Normal Thermal Pattern,8,0,0,4.70875,High Local Thermal Density,Agricultural Burning
8.3213,80.2504,332.07,298.22,33.849999999999966,4.77,1.7526720805200082,0.66,7,4,254,2,1,5.645,6.52,Transient,1,0.3594378841355603,False,Normal Thermal Pattern,12,0,0,6.396666666666666,High Local Thermal Density,Agricultural Burning
8.32823,80.23088,342.45,297.58,44.870000000000005,5.46,1.8656293177945105,0.66,7,4,254,2,1,6.345000000000001,7.23,Transient,1,0.3618515624319478,False,Normal Thermal Pattern,11,0,0,11.360909090909091,High Local Thermal Density,Agricultural Burning
8.32876,80.23387,339.45,298.96,40.49000000000001,7.23,2.1077860146889784,0.66,7,4,254,2,1,6.345000000000001,7.23,Transient,1,0.3620249965050918,False,Normal Thermal Pattern,11,0,0,11.2,High Local Thermal Density,Industrial Fire
8.36492,80.20286,331.59,297.97,33.61999999999995,2.81,1.3376291891386096,0.66,7,4,254,1,1,2.81,2.81,Transient,1,0.3675625085920024,False,Normal Thermal Pattern,18,2,0,12.04,Recurring Local Activity,Agricultural Burning
8.38192,80.41776,331.62,300.05,31.57,3.18,1.430311246536665,0.66,7,4,254,2,1,3.18,3.18,Transient,1,0.3727934686457401,False,Normal Thermal Pattern,11,0,0,5.755454545454546,High Local Thermal Density,Agricultural Burning
8.38243,80.42065,338.16,299.58,38.58000000000004,3.18,1.430311246536665,0.66,7,4,254,2,1,3.18,3.18,Transient,1,0.3662903099853298,False,Normal Thermal Pattern,10,0,0,5.142,High Local Thermal Density,Agricultural Burning
8.41959,80.30999,332.9,299.22,33.67999999999995,3.31,1.4609379041156565,0.66,7,4,254,4,3,5.452500000000001,7.71,Transient,1,0.4158073591237068,False,Normal Thermal Pattern,10,0,0,6.296000000000001,High Local Thermal Density,Agricultural Burning
8.42012,80.31292,330.4,298.46,31.94,4.12,1.6331544390514163,0.66,7,4,254,4,3,5.452500000000001,7.71,Transient,1,0.4202432123105437,False,Normal Thermal Pattern,10,0,0,6.215000000000001,High Local Thermal Density,Agricultural Burning
8.48778,80.46198,343.36,297.3,46.06,5.09,1.8066480817218056,0.66,7,4,254,1,1,5.09,5.09,Transient,1,0.3620176701706782,False,Normal Thermal Pattern,14,6,0,7.558571428571429,Recurring Local Activity,Agricultural Burning
8.49171,80.13688,330.79,298.41,32.379999999999995,4.54,1.7119945007591924,0.66,7,4,254,1,1,4.54,4.54,Transient,1,0.3629507334200547,False,Normal Thermal Pattern,3,0,0,10.45,Isolated Thermal Activity,Agricultural Burning
8.50888,80.17417,354.53,297.06,57.46999999999997,10.01,2.3988039507345884,0.66,7,4,254,1,1,10.01,10.01,Transient,1,0.4521150241179723,False,Normal Thermal Pattern,4,0,0,9.7575,Isolated Thermal Activity,Wildfire
8.60761,80.38096,333.57,297.15,36.420000000000016,2.75,1.3217558399823195,0.66,7,4,254,2,2,3.665,4.58,Transient,1,0.3844023035854844,False,Normal Thermal Pattern,19,0,0,6.253157894736843,High Local Thermal Density,Agricultural Burning
8.61894,80.47482,341.77,298.36,43.40999999999997,11.07,2.4907230351094403,0.66,7,4,254,1,1,11.07,11.07,Transient,1,0.3901395866509488,False,Normal Thermal Pattern,9,6,0,18.516666666666666,Recurring Local Activity,Industrial Fire
8.64861,80.37698,332.81,297.87,34.94,2.77,1.3270750014599193,0.66,7,4,254,2,2,2.575,2.77,Transient,1,0.3894479316429285,False,Normal Thermal Pattern,14,0,0,7.44357142857143,High Local Thermal Density,Agricultural Burning
8.71072,80.17675,342.12,297.06,45.06,3.48,1.4996230464268938,0.66,7,4,254,1,1,3.48,3.48,Transient,1,0.3686820821272783,False,Normal Thermal Pattern,1,0,0,6.95,Isolated Thermal Activity,Agricultural Burning
8.73159,80.35374,332.03,296.72,35.309999999999945,2.52,1.2584609896100056,0.66,7,4,254,2,1,2.71,2.9,Transient,1,0.3742769591227048,False,Normal Thermal Pattern,9,0,0,5.5122222222222215,High Local Thermal Density,Agricultural Burning
8.73255,80.35361,331.42,296.56,34.860000000000014,2.9,1.3609765531356006,0.66,7,4,254,2,1,2.71,2.9,Transient,1,0.3727391523135337,False,Normal Thermal Pattern,8,0,0,5.358750000000001,High Local Thermal Density,Agricultural Burning
9.11983,80.27057,340.54,292.24,48.30000000000001,2.86,1.3506671834767394,0.66,7,4,254,2,2,4.6,6.34,Transient,1,0.4064739908635505,False,Normal Thermal Pattern,7,0,0,5.118571428571428,High Local Thermal Density,Agricultural Burning
11.63526,77.78582,305.27,281.28,23.99000000000001,1.59,0.9516578757114464,0.66,20,4,254,2,1,1.59,1.59,Transient,1,0.4728679898784585,False,Normal Thermal Pattern,1,0,0,1.59,Isolated Thermal Activity,Agricultural Burning
11.63575,77.78219,311.22,281.38,29.840000000000032,1.59,0.9516578757114464,0.66,20,4,254,2,1,1.59,1.59,Transient,1,0.47150313628833,False,Normal Thermal Pattern,1,0,0,1.59,Isolated Thermal Activity,Agricultural Burning
13.44537,80.09873,300.75,278.86,21.889999999999983,0.39,0.3293037471426004,0.66,20,4,254,1,1,0.39,0.39,Transient,-1,0.5505130219211827,True,ML Anomaly,0,0,0,,Isolated Thermal Activity,Agricultural Burning
9.33208,77.42133,306.37,285.64,20.73000000000001,0.57,0.4510756193602166,0.66,20,4,254,2,2,2.62,4.67,Transient,1,0.5086525725766173,False,Normal Thermal Pattern,3,0,0,4.913333333333333,Isolated Thermal Activity,Agricultural Burning
9.01332,79.85774,339.15,290.89,48.25999999999999,14.78,2.7587433154177283,0.66,7,5,255,2,1,11.465,14.78,Transient,1,0.4299013536493872,False,Normal Thermal Pattern,1,0,0,8.15,Isolated Thermal Activity,Wildfire
9.11475,80.29814,340.92,291.98,48.94,9.59,2.359910159613315,0.66,7,5,255,1,1,9.59,9.59,Transient,1,0.3974785774494822,False,Normal Thermal Pattern,10,0,0,4.552999999999999,High Local Thermal Density,Industrial Fire
9.40651,80.41932,367.0,291.91,75.08999999999997,29.65,3.4226326623822203,1.0,7,5,255,9,5,11.636666666666663,29.65,Recurring,-1,0.6956661033730056,True,ML Anomaly,51,22,12,8.489019607843137,Persistent Local Activity,Industrial Fire
9.40808,80.41743,339.5,291.21,48.29000000000002,13.27,2.658159431488745,0.66,7,5,255,9,5,11.636666666666663,29.65,Recurring,-1,0.5435798559085949,True,ML Anomaly,52,20,12,8.800961538461538,Persistent Local Activity,Industrial Fire
9.40922,80.42326,344.76,291.43,53.329999999999984,13.27,2.658159431488745,0.66,7,5,255,9,5,11.636666666666663,29.65,Recurring,-1,0.5532138262884406,True,ML Anomaly,51,24,12,9.107843137254902,Persistent Local Activity,Industrial Fire
8.17673,79.90968,332.24,294.21,38.03000000000003,7.87,2.1826747963214883,0.66,8,5,255,2,1,8.625,9.38,Transient,1,0.370004434712024,False,Normal Thermal Pattern,2,0,0,5.550000000000001,Isolated Thermal Activity,Agricultural Burning
8.18016,79.91205,331.16,294.06,37.10000000000002,9.38,2.3398808777377424,0.66,8,5,255,2,1,8.625,9.38,Transient,1,0.3803109622378646,False,Normal Thermal Pattern,2,0,0,4.795,Isolated Thermal Activity,Wildfire
8.24815,80.27408,332.29,294.42,37.870000000000005,3.14,1.420695787837223,0.66,8,5,255,1,1,3.14,3.14,Transient,1,0.3567360301483418,False,Normal Thermal Pattern,7,0,0,5.732857142857143,High Local Thermal Density,Agricultural Burning
8.38151,77.63257,336.2,299.49,36.70999999999998,2.87,1.3532545070416904,0.66,8,5,255,1,1,2.87,2.87,Transient,1,0.3534152304230646,False,Normal Thermal Pattern,0,0,0,,Isolated Thermal Activity,Agricultural Burning
8.4721,80.47921,334.47,292.08,42.39000000000004,9.06,2.3085671646715933,0.66,8,5,255,6,3,6.976666666666667,9.06,Recurring,1,0.4441177532200392,False,Normal Thermal Pattern,12,5,0,6.299166666666667,Recurring Local Activity,Industrial Fire
8.53039,80.25745,339.81,291.61,48.19999999999999,11.51,2.52652832447882,0.66,8,5,255,2,1,11.105,11.51,Transient,1,0.3972631724954333,False,Normal Thermal Pattern,7,0,0,9.415714285714287,High Local Thermal Density,Industrial Fire
8.53139,80.2601,335.51,292.62,42.88999999999999,10.7,2.4595888418037104,0.66,8,5,255,2,1,11.105,11.51,Transient,1,0.3866575442403205,False,Normal Thermal Pattern,6,0,0,8.928333333333333,High Local Thermal Density,Industrial Fire
8.63273,77.95695,343.66,295.92,47.74000000000001,5.13,1.81319474994812,0.66,8,5,255,1,1,5.13,5.13,Transient,1,0.3578438340606763,False,Normal Thermal Pattern,8,7,0,9.5275,Recurring Local Activity,Agricultural Burning
8.76355,80.2114,345.58,293.02,52.56,12.8,2.624668592163159,0.66,8,5,255,1,1,12.8,12.8,Transient,1,0.4274243369584208,False,Normal Thermal Pattern,2,0,0,8.465,Isolated Thermal Activity,Wildfire
8.84051,77.56339,351.95,300.81,51.13999999999999,6.23,1.9782390361706728,0.66,8,5,255,1,1,6.23,6.23,Transient,1,0.3994228139853187,False,Normal Thermal Pattern,1,0,0,11.27,Isolated Thermal Activity,Agricultural Burning
8.9391,77.54266,330.88,300.98,29.899999999999977,3.16,1.425515074273172,0.33,8,5,255,1,1,3.16,3.16,Transient,1,0.4364103638877519,False,Normal Thermal Pattern,2,0,0,3.93,Isolated Thermal Activity,Agricultural Burning
9.01183,79.85493,339.29,292.82,46.47000000000003,8.15,2.21375387928743,0.66,8,5,255,2,1,11.465,14.78,Transient,1,0.3900407474551679,False,Normal Thermal Pattern,1,0,0,14.78,Isolated Thermal Activity,Wildfire
9.01281,77.36678,330.69,295.58,35.110000000000014,2.23,1.172482137234565,0.66,8,5,255,2,2,2.525,2.82,Transient,1,0.3902665454620337,False,Normal Thermal Pattern,1,0,0,2.82,Isolated Thermal Activity,Agricultural Burning
9.23561,77.48406,333.74,291.22,42.51999999999998,4.11,1.631199404215613,0.66,8,5,255,2,1,4.130000000000001,4.15,Transient,1,0.3597255158958178,False,Normal Thermal Pattern,4,0,0,2.555,Isolated Thermal Activity,Agricultural Burning
9.2401,77.48399,330.96,293.2,37.75999999999999,4.15,1.6389967146756448,0.66,8,5,255,2,1,4.130000000000001,4.15,Transient,1,0.357599451582886,False,Normal Thermal Pattern,4,0,0,2.545,Isolated Thermal Activity,Agricultural Burning
9.273,77.95239,335.16,291.48,43.68000000000001,2.97,1.3787660946990992,0.66,8,5,255,1,1,2.97,2.97,Transient,1,0.3665719867734456,False,Normal Thermal Pattern,2,0,0,27.33,Isolated Thermal Activity,Agricultural Burning
9.80803,77.91698,330.79,295.02,35.77000000000004,2.8,1.33500106673234,0.66,8,5,255,2,1,4.22,5.64,Transient,1,0.3627314096272775,False,Normal Thermal Pattern,2,0,0,4.955,Isolated Thermal Activity,Agricultural Burning
9.81062,77.91656,332.04,296.33,35.71000000000004,5.64,1.8931119634883424,0.66,8,5,255,2,1,4.22,5.64,Transient,1,0.3495093118394917,False,Normal Thermal Pattern,2,0,0,3.535,Isolated Thermal Activity,Agricultural Burning
8.0092,80.19059,340.64,293.47,47.16999999999996,12.79,2.6239436918052106,0.66,8,6,256,1,1,12.79,12.79,Transient,1,0.4059899530242567,False,Normal Thermal Pattern,4,0,0,11.0575,Isolated Thermal Activity,Wildfire
8.02779,80.36233,330.16,292.27,37.89000000000004,7.19,2.1029138978649784,0.66,8,6,256,2,2,6.305,7.19,Transient,1,0.3877438313985905,False,Normal Thermal Pattern,9,0,0,6.66,High Local Thermal Density,Industrial Fire
8.0292,80.16267,334.16,294.67,39.49000000000001,6.46,2.009555414215669,0.66,8,6,256,1,1,6.46,6.46,Transient,1,0.3522490846020819,False,Normal Thermal Pattern,4,0,0,12.64,Isolated Thermal Activity,Agricultural Burning
8.03683,80.42897,333.29,294.65,38.64000000000004,9.92,2.390595970316759,0.66,8,6,256,3,1,8.82,9.92,Transient,1,0.3882330845437022,False,Normal Thermal Pattern,9,0,0,6.59111111111111,High Local Thermal Density,Industrial Fire
8.03878,80.232,332.72,294.37,38.35000000000002,5.77,1.912501086924184,0.66,8,6,256,2,2,5.08,5.77,Transient,1,0.3678423867711581,False,Normal Thermal Pattern,5,0,0,9.596,High Local Thermal Density,Agricultural Burning
8.03901,80.00057,344.55,292.84,51.71000000000004,30.68,3.455685566946225,0.66,8,6,256,2,1,26.46,30.68,Transient,-1,0.5689996881540386,True,ML Anomaly,4,0,0,10.1325,Isolated Thermal Activity,Wildfire
8.03994,80.00211,342.89,292.96,49.93000000000001,22.24,3.1458749319837103,0.66,8,6,256,2,1,26.46,30.68,Transient,-1,0.5367694043725372,True,ML Anomaly,4,0,0,12.2425,Isolated Thermal Activity,Wildfire
8.04089,80.42314,334.82,293.13,41.69,8.27,2.226783379577764,0.66,8,6,256,3,1,8.82,9.92,Transient,1,0.3801169701527829,False,Normal Thermal Pattern,9,0,0,6.774444444444445,High Local Thermal Density,Industrial Fire
8.04159,80.42829,336.35,294.35,42.0,8.27,2.226783379577764,0.66,8,6,256,3,1,8.82,9.92,Transient,1,0.377349909487453,False,Normal Thermal Pattern,10,0,0,6.504,High Local Thermal Density,Industrial Fire
8.0462,80.39101,333.45,293.67,39.77999999999997,3.72,1.551808799597464,0.66,8,6,256,1,1,3.72,3.72,Transient,1,0.352875911767093,False,Normal Thermal Pattern,14,0,0,7.949285714285714,High Local Thermal Density,Agricultural Burning
8.11767,80.05849,330.33,288.97,41.35999999999996,1.99,1.095273387402595,0.66,8,6,256,1,1,1.99,1.99,Transient,1,0.3939361096280414,False,Normal Thermal Pattern,6,0,0,5.2250000000000005,High Local Thermal Density,Agricultural Burning
8.15253,80.45384,330.38,295.87,34.50999999999999,9.6,2.360854001118021,0.66,8,6,256,2,1,9.6,9.6,Transient,1,0.3937131335829866,False,Normal Thermal Pattern,2,0,0,7.855,Isolated Thermal Activity,Wildfire
8.1573,80.45317,341.75,295.51,46.24000000000001,9.6,2.360854001118021,0.66,8,6,256,2,1,9.6,9.6,Transient,1,0.3802848532512677,False,Normal Thermal Pattern,2,0,0,7.855,Isolated Thermal Activity,Wildfire
8.18231,80.30593,331.15,294.33,36.81999999999999,4.07,1.623340817603092,0.66,8,6,256,2,2,2.88,4.07,Transient,1,0.377128670729671,False,Normal Thermal Pattern,3,0,0,3.0933333333333333,Isolated Thermal Activity,Agricultural Burning
8.20092,80.34748,330.18,294.02,36.160000000000025,2.71,1.3110318766193438,0.66,8,6,256,1,1,2.71,2.71,Transient,1,0.3635800073751905,False,Normal Thermal Pattern,6,0,0,4.793333333333333,High Local Thermal Density,Agricultural Burning
8.22508,80.40976,341.47,295.26,46.21000000000004,16.64,2.870169050578645,0.66,8,6,256,2,1,15.32,16.64,Transient,1,0.4276656603028321,False,Normal Thermal Pattern,3,0,0,10.236666666666666,Isolated Thermal Activity,Wildfire
8.22578,80.41499,340.9,294.77,46.13,14.0,2.70805020110221,0.66,8,6,256,2,1,15.32,16.64,Transient,1,0.4113368361277632,False,Normal Thermal Pattern,3,0,0,11.116666666666667,Isolated Thermal Activity,Wildfire
8.2373,80.39221,336.0,294.61,41.38999999999999,7.93,2.189416394888408,0.66,8,6,256,1,1,7.93,7.93,Transient,1,0.3601024160916365,False,Normal Thermal Pattern,6,0,0,9.553333333333333,High Local Thermal Density,Industrial Fire
8.2615,80.32092,333.48,295.01,38.47000000000003,8.67,2.269028309465203,0.66,8,6,256,4,3,5.815,8.67,Transient,1,0.4146733814544029,False,Normal Thermal Pattern,9,0,0,3.6866666666666665,High Local Thermal Density,Industrial Fire
8.35588,80.29491,334.1,294.46,39.64000000000004,5.46,1.8656293177945105,0.66,8,6,256,1,1,5.46,5.46,Transient,1,0.3475428516953232,False,Normal Thermal Pattern,12,0,0,5.134166666666666,High Local Thermal Density,Agricultural Burning
8.36272,80.48936,333.4,290.81,42.589999999999975,5.42,1.8594181177018696,0.66,8,6,256,1,1,5.42,5.42,Transient,1,0.3543137198769956,False,Normal Thermal Pattern,4,0,0,4.945,Isolated Thermal Activity,Agricultural Burning
8.36421,80.18029,335.6,292.97,42.63,6.21,1.9754689512968573,0.66,8,6,256,3,2,18.65333333333333,24.92,Transient,1,0.4543454710645838,False,Normal Thermal Pattern,16,5,0,13.2,Recurring Local Activity,Industrial Fire
8.37162,80.48279,330.71,294.18,36.52999999999997,6.82,2.05668455455722,0.66,8,6,256,1,1,6.82,6.82,Transient,1,0.3655158861607432,False,Normal Thermal Pattern,4,0,0,4.595,Isolated Thermal Activity,Agricultural Burning
8.46417,80.4798,334.65,290.66,43.98999999999995,6.6,2.028148247292285,0.66,8,6,256,6,3,6.976666666666667,9.06,Recurring,1,0.4340014032574498,False,Normal Thermal Pattern,11,5,0,6.651818181818182,Recurring Local Activity,Industrial Fire
8.49624,80.24042,338.64,291.37,47.26999999999998,8.19,2.2181159363675955,0.66,8,6,256,1,1,8.19,8.19,Transient,1,0.3725232667658213,False,Normal Thermal Pattern,12,0,0,8.728333333333333,High Local Thermal Density,Industrial Fire
8.52348,80.41283,340.27,293.49,46.77999999999997,12.4,2.5952547069568657,0.66,8,6,256,2,1,11.55,12.4,Transient,1,0.3939803828308634,False,Normal Thermal Pattern,7,0,0,9.624285714285715,High Local Thermal Density,Industrial Fire
8.52402,80.41576,342.22,293.51,48.71000000000004,10.7,2.4595888418037104,0.66,8,6,256,2,1,11.55,12.4,Transient,1,0.3943863438088192,False,Normal Thermal Pattern,8,0,0,10.17875,High Local Thermal Density,Industrial Fire
8.55004,80.42806,340.72,290.82,49.900000000000034,9.82,2.381396273418336,0.66,8,6,256,1,1,9.82,9.82,Transient,1,0.3951113719757256,False,Normal Thermal Pattern,12,0,0,8.264999999999999,High Local Thermal Density,Industrial Fire
8.56002,78.07714,342.75,292.05,50.69999999999999,4.24,1.6563214983329508,0.66,8,6,256,2,2,3.09,4.24,Transient,1,0.4007076905236302,False,Normal Thermal Pattern,2,0,0,2.72,Isolated Thermal Activity,Agricultural Burning
8.58597,77.99529,339.1,289.12,49.98000000000002,4.45,1.6956156086751528,0.66,8,6,256,1,1,4.45,4.45,Transient,1,0.3690900492904218,False,Normal Thermal Pattern,7,7,0,9.955714285714285,Recurring Local Activity,Agricultural Burning
8.61431,80.3978,341.92,289.7,52.22000000000003,6.01,1.9473377010464987,0.66,8,6,256,2,1,8.58,11.15,Transient,1,0.3955664306505587,False,Normal Thermal Pattern,16,0,0,6.781875000000001,High Local Thermal Density,Agricultural Burning
8.61494,80.4004,340.92,288.91,52.00999999999999,11.15,2.4973291697865574,0.66,8,6,256,2,1,8.58,11.15,Transient,1,0.4176866728534908,False,Normal Thermal Pattern,16,0,0,6.460625,High Local Thermal Density,Industrial Fire
8.62795,80.42538,338.67,287.11,51.56,8.86,2.288486168614544,0.66,8,6,256,2,1,9.145,9.43,Transient,1,0.4082614293657397,False,Normal Thermal Pattern,16,2,0,13.241875,Recurring Local Activity,Industrial Fire
8.62823,80.42798,338.12,287.74,50.38,9.43,2.344686269012681,0.66,8,6,256,2,1,9.145,9.43,Transient,1,0.404459540487376,False,Normal Thermal Pattern,15,2,0,13.747333333333332,Recurring Local Activity,Industrial Fire
8.65732,80.35207,340.73,290.47,50.25999999999999,10.75,2.463853240590168,0.66,8,6,256,1,1,10.75,10.75,Transient,1,0.4036605867021653,False,Normal Thermal Pattern,8,0,0,5.375,High Local Thermal Density,Industrial Fire
9.71718,78.94819,341.37,289.59,51.78000000000003,5.28,1.837369980480108,0.66,8,6,256,3,2,5.486666666666667,6.16,Transient,1,0.4046320502781429,False,Normal Thermal Pattern,3,0,0,4.703333333333333,Isolated Thermal Activity,Agricultural Burning
9.71753,78.94925,342.23,289.11,53.120000000000005,5.02,1.7950872593207297,0.66,8,6,256,3,2,5.486666666666667,6.16,Transient,1,0.4134872017229587,False,Normal Thermal Pattern,3,0,0,4.79,Isolated Thermal Activity,Agricultural Burning
9.79343,78.81542,339.98,288.55,51.43000000000001,4.69,1.7387102481382395,0.66,8,6,256,1,1,4.69,4.69,Transient,1,0.3747366222377983,False,Normal Thermal Pattern,0,0,0,,Isolated Thermal Activity,Agricultural Burning
8.09289,79.9213,341.13,281.84,59.29000000000002,7.0,2.079441541679836,0.66,8,0,257,1,1,7.0,7.0,Transient,1,0.4270946674214129,False,Normal Thermal Pattern,1,0,0,3.11,Isolated Thermal Activity,Agricultural Burning
8.33458,80.26307,344.92,292.49,52.43000000000001,6.83,2.057962510002712,0.66,8,0,257,1,1,6.83,6.83,Transient,1,0.385954587260586,False,Normal Thermal Pattern,15,0,0,5.948666666666666,High Local Thermal Density,Industrial Fire
8.38157,80.16745,339.6,300.16,39.44,6.03,1.9501867058225733,0.66,8,0,257,5,2,11.844,14.97,Recurring,1,0.4167465070190255,False,Normal Thermal Pattern,12,4,0,11.224166666666669,Recurring Local Activity,Industrial Fire
8.46077,80.48615,341.45,293.24,48.20999999999998,5.82,1.9198594718553708,0.66,8,0,257,6,3,6.976666666666667,9.06,Recurring,1,0.4340041072654689,False,Normal Thermal Pattern,11,5,0,6.722727272727273,Recurring Local Activity,Agricultural Burning
8.46137,80.49021,344.72,293.93,50.79000000000002,7.28,2.1138429683971687,0.66,8,0,257,6,3,6.976666666666667,9.06,Recurring,1,0.4485510856498536,False,Normal Thermal Pattern,11,5,0,6.590000000000001,Recurring Local Activity,Industrial Fire
8.46433,80.48563,340.49,292.05,48.44,5.82,1.9198594718553708,0.66,8,0,257,6,3,6.976666666666667,9.06,Recurring,1,0.4345158715107508,False,Normal Thermal Pattern,12,5,0,6.569166666666667,Recurring Local Activity,Agricultural Burning
8.46493,80.48969,340.88,292.74,48.13999999999999,7.28,2.1138429683971687,0.66,8,0,257,6,3,6.976666666666667,9.06,Recurring,1,0.4386040699659994,False,Normal Thermal Pattern,12,5,0,6.447500000000001,Recurring Local Activity,Industrial Fire
8.4731,80.49786,335.59,295.46,40.13,5.79,1.9154509415706047,0.66,8,0,257,3,2,4.726666666666667,5.79,Transient,1,0.3723177157329889,False,Normal Thermal Pattern,12,6,0,6.571666666666666,Recurring Local Activity,Agricultural Burning
8.47323,80.49677,336.04,296.74,39.30000000000001,5.08,1.805004695978076,0.66,8,0,257,3,2,4.726666666666667,5.79,Transient,1,0.3701104872604061,False,Normal Thermal Pattern,12,6,0,6.6308333333333325,Recurring Local Activity,Agricultural Burning
8.47579,80.16636,339.11,302.56,36.55000000000001,13.84,2.6973262377392344,0.66,8,0,257,1,1,13.84,13.84,Transient,1,0.3964804387099833,False,Normal Thermal Pattern,7,0,0,7.107142857142857,High Local Thermal Density,Industrial Fire
8.4786,80.21029,336.56,297.41,39.14999999999998,3.96,1.601405740736836,0.66,8,0,257,1,1,3.96,3.96,Transient,1,0.3475424915433698,False,Normal Thermal Pattern,12,0,0,9.1975,High Local Thermal Density,Agricultural Burning
8.5051,80.49313,347.17,300.71,46.46000000000004,13.76,2.6919208191723265,0.66,8,0,257,3,2,7.84,13.76,Transient,1,0.4252440098632451,False,Normal Thermal Pattern,15,6,0,6.860666666666668,Recurring Local Activity,Industrial Fire
8.53058,80.46856,339.84,304.98,34.85999999999996,9.59,2.359910159613315,0.66,8,0,257,4,2,10.645,16.67,Transient,1,0.4193859610536272,False,Normal Thermal Pattern,10,0,0,8.096,High Local Thermal Density,Industrial Fire
8.53295,80.45995,339.29,299.66,39.63,5.76,1.9110228900548727,0.66,8,0,257,4,2,10.645,16.67,Transient,1,0.4053641450677635,False,Normal Thermal Pattern,10,0,0,9.04,High Local Thermal Density,Agricultural Burning
8.5365,80.45943,345.31,303.75,41.56,10.56,2.447550863244232,0.66,8,0,257,4,2,10.645,16.67,Transient,1,0.4242586530098048,False,Normal Thermal Pattern,9,0,0,7.982222222222221,High Local Thermal Density,Industrial Fire
8.55601,80.44409,339.75,304.95,34.80000000000001,4.77,1.7526720805200082,0.66,8,0,257,2,1,4.77,4.77,Transient,1,0.3534265415513923,False,Normal Thermal Pattern,10,0,0,15.818,High Local Thermal Density,Agricultural Burning
8.55661,80.44814,335.28,303.51,31.769999999999985,4.77,1.7526720805200082,0.66,8,0,257,2,1,4.77,4.77,Transient,1,0.3524969372014856,False,Normal Thermal Pattern,8,0,0,16.884999999999998,High Local Thermal Density,Agricultural Burning
9.30373,78.84122,336.92,304.34,32.58000000000004,4.19,1.6467336971777973,0.66,8,0,257,1,1,4.19,4.19,Transient,1,0.3522904822301168,False,Normal Thermal Pattern,2,0,0,17.73,Isolated Thermal Activity,Agricultural Burning
9.38062,78.88095,339.62,305.53,34.09000000000003,8.54,2.255493485460195,0.66,8,0,257,1,1,8.54,8.54,Transient,1,0.3701261312857829,False,Normal Thermal Pattern,5,5,0,4.298,Recurring Local Activity,Industrial Fire
9.47663,80.48464,346.87,273.16,73.70999999999998,8.18,2.217027204632399,0.66,8,0,257,3,2,15.62,19.34,Transient,-1,0.572624725515183,True,ML Anomaly,12,0,0,10.6575,High Local Thermal Density,Industrial Fire
9.56643,80.3787,338.16,288.79,49.370000000000005,3.57,1.5195132049061133,0.66,8,0,257,1,1,3.57,3.57,Transient,1,0.3732563820021369,False,Normal Thermal Pattern,4,0,0,7.670000000000001,Isolated Thermal Activity,Agricultural Burning
9.7207,78.95246,345.23,295.89,49.34000000000003,6.16,1.9685099809725544,0.66,8,0,257,3,2,5.486666666666667,6.16,Transient,1,0.3989182243430281,False,Normal Thermal Pattern,3,0,0,4.41,Isolated Thermal Activity,Agricultural Burning
11.29935,77.66217,330.65,294.76,35.889999999999986,3.07,1.4036429994545037,0.66,8,0,257,1,1,3.07,3.07,Transient,1,0.3586591727994041,False,Normal Thermal Pattern,0,0,0,,Isolated Thermal Activity,Agricultural Burning
11.66629,79.68321,330.27,298.88,31.389999999999983,2.27,1.184789984909162,0.66,8,0,257,1,1,2.27,2.27,Transient,1,0.3793852560213434,False,Normal Thermal Pattern,0,0,0,,Isolated Thermal Activity,Agricultural Burning
11.79338,79.61192,332.96,288.99,43.96999999999997,3.64,1.534714366238164,0.66,8,0,257,1,1,3.64,3.64,Transient,1,0.363747647420491,False,Normal Thermal Pattern,0,0,0,,Isolated Thermal Activity,Agricultural Burning
12.26682,76.79605,332.29,299.87,32.420000000000016,3.22,1.439835128047921,0.66,8,0,257,1,1,3.22,3.22,Transient,1,0.3584456944826379,False,Normal Thermal Pattern,0,0,0,,Isolated Thermal Activity,Agricultural Burning
12.42312,77.78984,335.99,303.54,32.44999999999999,4.36,1.6789639750827108,0.66,8,0,257,1,1,4.36,4.36,Transient,1,0.3498494290881427,False,Normal Thermal Pattern,0,0,0,,Isolated Thermal Activity,Agricultural Burning
12.99095,76.12147,331.14,302.84,28.30000000000001,2.22,1.169381359556317,0.33,8,0,257,1,1,2.22,2.22,Transient,1,0.4555612487937699,False,Normal Thermal Pattern,0,0,0,,Isolated Thermal Activity,Agricultural Burning
12.99763,77.86208,335.1,304.58,30.52000000000004,3.0,1.3862943611198906,0.66,8,0,257,1,1,3.0,3.0,Transient,1,0.3648558052874604,False,Normal Thermal Pattern,3,0,0,1.086666666666667,Isolated Thermal Activity,Agricultural Burning
13.16683,76.5813,335.04,306.08,28.96000000000004,2.42,1.229640551074514,0.66,8,0,257,1,1,2.42,2.42,Transient,1,0.3884305674134808,False,Normal Thermal Pattern,0,0,0,,Isolated Thermal Activity,Agricultural Burning
13.42161,77.4642,334.5,306.78,27.720000000000027,3.26,1.449269160281279,0.33,8,0,257,1,1,3.26,3.26,Transient,1,0.4315369782346184,False,Normal Thermal Pattern,0,0,0,,Isolated Thermal Activity,Agricultural Burning
13.4731,77.76627,335.67,307.27,28.40000000000004,10.71,2.460443177609626,0.33,8,0,257,1,1,10.71,10.71,Transient,1,0.4672160879255319,False,Normal Thermal Pattern,0,0,0,,Isolated Thermal Activity,Wildfire
13.15995,80.28497,306.06,289.4,16.660000000000025,2.64,1.2919836816486494,0.66,20,0,257,1,1,2.64,2.64,Transient,1,0.4701021565671661,False,Normal Thermal Pattern,0,0,0,,Isolated Thermal Activity,Agricultural Burning
8.76811,77.33213,337.9,295.6,42.29999999999996,5.34,1.8468787684491343,0.66,7,1,258,2,1,5.34,5.34,Transient,1,0.3568892659214036,False,Normal Thermal Pattern,1,0,0,5.34,Isolated Thermal Activity,Agricultural Burning
8.76866,77.33543,336.4,296.52,39.88,5.34,1.8468787684491343,0.66,7,1,258,2,1,5.34,5.34,Transient,1,0.3542638664446303,False,Normal Thermal Pattern,2,0,0,4.845,Isolated Thermal Activity,Agricultural Burning
9.85442,76.45007,340.39,294.31,46.079999999999984,7.48,2.137710449803812,0.66,7,1,258,1,1,7.48,7.48,Transient,1,0.3723248593398036,False,Normal Thermal Pattern,0,0,0,,Isolated Thermal Activity,Agricultural Burning
10.03031,76.72562,330.77,294.34,36.43000000000001,4.59,1.7209792871670078,0.66,7,1,258,1,1,4.59,4.59,Transient,1,0.3611225725384258,False,Normal Thermal Pattern,0,0,0,,Isolated Thermal Activity,Agricultural Burning
10.20695,79.01132,337.42,303.05,34.370000000000005,8.73,2.2752138961979136,0.33,7,1,258,1,1,8.73,8.73,Transient,1,0.4580570790547549,False,Normal Thermal Pattern,0,0,0,,Isolated Thermal Activity,Wildfire
10.86922,79.84652,339.37,304.01,35.360000000000014,5.97,1.9416152247724323,0.66,7,1,258,2,2,4.6,5.97,Transient,1,0.3769864925070875,False,Normal Thermal Pattern,1,0,0,3.23,Isolated Thermal Activity,Agricultural Burning
11.96841,78.91827,333.33,298.98,34.349999999999966,2.81,1.3376291891386096,0.66,7,1,258,1,1,2.81,2.81,Transient,1,0.3666365001022119,False,Normal Thermal Pattern,0,0,0,,Isolated Thermal Activity,Agricultural Burning
12.90129,76.29606,341.26,304.54,36.71999999999997,3.45,1.4929040961781488,0.66,7,1,258,2,1,3.66,3.87,Transient,1,0.3673695924354978,False,Normal Thermal Pattern,1,0,0,3.87,Isolated Thermal Activity,Agricultural Burning
12.90365,76.29477,337.34,304.9,32.44,3.87,1.5830939370944983,0.66,7,1,258,2,1,3.66,3.87,Transient,1,0.3678330323452632,False,Normal Thermal Pattern,1,0,0,3.45,Isolated Thermal Activity,Agricultural Burning
13.37898,76.37723,338.08,307.48,30.59999999999997,5.35,1.8484548129046,0.66,7,1,258,1,1,5.35,5.35,Transient,1,0.372792391380053,False,Normal Thermal Pattern,0,0,0,,Isolated Thermal Activity,Agricultural Burning
8.67164,78.07452,324.34,274.85,49.48999999999995,2.89,1.358409157630355,0.66,20,1,258,1,1,2.89,2.89,Transient,1,0.5149525827186551,False,Normal Thermal Pattern,4,0,0,3.1825,Isolated Thermal Activity,Agricultural Burning
10.71444,78.09198,304.82,291.67,13.149999999999975,1.46,0.9001613499442714,0.66,20,1,258,1,1,1.46,1.46,Transient,1,0.4665437992659205,False,Normal Thermal Pattern,0,0,0,,Isolated Thermal Activity,Agricultural Burning
12.11792,78.95548,307.23,287.29,19.94,1.44,0.8919980393051105,0.66,20,1,258,1,1,1.44,1.44,Transient,1,0.4521255665427268,False,Normal Thermal Pattern,0,0,0,,Isolated Thermal Activity,Agricultural Burning
13.39318,80.10001,306.0,289.32,16.680000000000007,2.02,1.1052568313867783,0.66,20,1,258,3,3,1.4066666666666665,2.02,Transient,1,0.4890244719820474,False,Normal Thermal Pattern,3,0,0,1.1166666666666665,Isolated Thermal Activity,Agricultural Burning
8.44124,77.58891,334.02,295.86,38.15999999999997,3.74,1.556037135706985,0.66,7,2,259,2,1,3.59,3.74,Transient,1,0.3595415838954023,False,Normal Thermal Pattern,3,0,0,1.7266666666666668,Isolated Thermal Activity,Agricultural Burning
8.44338,77.58873,344.77,297.98,46.78999999999997,3.44,1.4906543764441331,0.66,7,2,259,2,1,3.59,3.74,Transient,1,0.3814716715204961,False,Normal Thermal Pattern,3,0,0,1.8266666666666669,Isolated Thermal Activity,Agricultural Burning
8.49425,77.31149,335.27,292.96,42.31,3.77,1.5623463049002495,0.66,7,2,259,2,1,5.485,7.2,Transient,1,0.3703366312979655,False,Normal Thermal Pattern,1,0,0,7.2,Isolated Thermal Activity,Agricultural Burning
8.49447,77.3097,337.41,292.72,44.69,7.2,2.1041341542702074,0.66,7,2,259,2,1,5.485,7.2,Transient,1,0.3717406833988421,False,Normal Thermal Pattern,1,0,0,3.77,Isolated Thermal Activity,Agricultural Burning
8.60612,77.9716,332.61,291.69,40.920000000000016,3.67,1.541159071680806,0.66,7,2,259,7,6,9.955714285714285,22.28,Recurring,1,0.5247587834185834,False,Normal Thermal Pattern,8,6,0,9.45,Recurring Local Activity,Agricultural Burning
9.40423,80.4836,330.37,290.68,39.69,4.98,1.7884205679625405,0.66,7,2,259,1,1,4.98,4.98,Transient,1,0.3629990238576699,False,Normal Thermal Pattern,20,11,0,9.674,Recurring Local Activity,Agricultural Burning
9.47342,80.46737,337.24,291.42,45.81999999999999,6.24,1.979621206397625,0.66,7,2,259,1,1,6.24,6.24,Transient,1,0.3671037998631306,False,Normal Thermal Pattern,12,0,0,10.819166666666668,High Local Thermal Density,Industrial Fire
9.49923,78.90596,337.77,295.87,41.89999999999998,5.95,1.9387416595767009,0.66,7,2,259,1,1,5.95,5.95,Transient,1,0.355250603894894,False,Normal Thermal Pattern,0,0,0,,Isolated Thermal Activity,Agricultural Burning
10.64368,79.77027,334.38,300.85,33.52999999999997,7.67,2.1598687907924505,0.66,7,2,259,1,1,7.67,7.67,Transient,1,0.3649123067730505,False,Normal Thermal Pattern,0,0,0,,Isolated Thermal Activity,Agricultural Burning
10.81349,77.8304,330.86,295.1,35.75999999999999,2.43,1.2325602611778486,0.66,7,2,259,2,1,2.43,2.43,Transient,1,0.3805072610034364,False,Normal Thermal Pattern,1,0,0,2.43,Isolated Thermal Activity,Agricultural Burning
10.8186,77.82951,330.66,295.78,34.88000000000005,2.43,1.2325602611778486,0.66,7,2,259,2,1,2.43,2.43,Transient,1,0.3840403197406681,False,Normal Thermal Pattern,1,0,0,2.43,Isolated Thermal Activity,Agricultural Burning
10.86719,78.58047,335.21,294.91,40.29999999999996,5.56,1.8809906029559973,0.66,7,2,259,1,1,5.56,5.56,Transient,1,0.3550926593661421,False,Normal Thermal Pattern,0,0,0,,Isolated Thermal Activity,Agricultural Burning
10.88714,77.81318,331.23,296.16,35.06999999999999,1.93,1.075002423028976,0.66,7,2,259,1,1,1.93,1.93,Transient,1,0.3979482274350821,False,Normal Thermal Pattern,0,0,0,,Isolated Thermal Activity,Agricultural Burning
11.06173,77.64268,339.3,284.58,54.72000000000003,3.24,1.4445632692438664,0.66,7,2,259,1,1,3.24,3.24,Transient,1,0.4170103849456571,False,Normal Thermal Pattern,0,0,0,,Isolated Thermal Activity,Agricultural Burning
11.87182,79.46504,330.08,302.41,27.66999999999996,9.82,2.381396273418336,0.33,7,2,259,1,1,9.82,9.82,Transient,1,0.4819156779975592,False,Normal Thermal Pattern,0,0,0,,Isolated Thermal Activity,Wildfire
12.04965,79.08607,333.65,296.8,36.849999999999966,2.62,1.2864740258376797,0.66,7,2,259,1,1,2.62,2.62,Transient,1,0.3742228894905235,False,Normal Thermal Pattern,2,0,0,5.545,Isolated Thermal Activity,Agricultural Burning
12.21233,79.92786,330.48,295.71,34.77000000000004,6.29,1.986503546020567,0.66,7,2,259,1,1,6.29,6.29,Transient,1,0.3663550211882534,False,Normal Thermal Pattern,0,0,0,,Isolated Thermal Activity,Agricultural Burning
12.51927,80.01708,340.55,297.52,43.03000000000003,2.28,1.1878434223960523,0.66,7,2,259,1,1,2.28,2.28,Transient,1,0.3966480673694486,False,Normal Thermal Pattern,0,0,0,,Isolated Thermal Activity,Agricultural Burning
12.68042,79.69836,330.19,292.45,37.74000000000001,4.07,1.623340817603092,0.66,7,2,259,1,1,4.07,4.07,Transient,1,0.3662464265399148,False,Normal Thermal Pattern,0,0,0,,Isolated Thermal Activity,Agricultural Burning
12.83684,79.94046,331.46,302.78,28.680000000000007,5.83,1.9213246735826988,0.33,7,2,259,1,1,5.83,5.83,Transient,1,0.4452629037946702,False,Normal Thermal Pattern,5,0,0,3.308,High Local Thermal Density,Agricultural Burning
12.87949,79.90715,335.56,299.47,36.089999999999975,5.66,1.8961194845522973,0.66,7,2,259,1,1,5.66,5.66,Transient,1,0.3532530208019487,False,Normal Thermal Pattern,4,0,0,3.28,Isolated Thermal Activity,Agricultural Burning
13.00124,77.41275,303.01,290.05,12.95999999999998,0.87,0.6259384308664953,0.66,20,2,259,1,1,0.87,0.87,Transient,1,0.4783631260739898,False,Normal Thermal Pattern,0,0,0,,Isolated Thermal Activity,Agricultural Burning
13.34493,76.99017,300.35,282.77,17.58000000000004,1.21,0.7929925155296614,0.66,20,2,259,1,1,1.21,1.21,Transient,1,0.4936177669843613,False,Normal Thermal Pattern,0,0,0,,Isolated Thermal Activity,Agricultural Burning
13.39087,80.10328,307.15,294.03,13.120000000000005,0.8,0.5877866649021191,0.66,20,2,259,3,3,1.4066666666666665,2.02,Transient,1,0.5110188369836095,False,Normal Thermal Pattern,3,0,0,1.5233333333333334,Isolated Thermal Activity,Agricultural Burning
13.42476,79.93306,340.13,293.77,46.360000000000014,11.3,2.509599262378372,0.66,7,3,260,1,1,11.3,11.3,Transient,1,0.3990735098685516,False,Normal Thermal Pattern,0,0,0,,Isolated Thermal Activity,Wildfire
9.08144,77.9013,330.4,289.38,41.01999999999998,5.09,1.8066480817218056,0.66,8,3,260,1,1,5.09,5.09,Transient,1,0.3599833666692247,False,Normal Thermal Pattern,1,0,0,0.92,Isolated Thermal Activity,Agricultural Burning
8.2431,80.32059,343.84,289.81,54.02999999999997,2.91,1.3635373739972745,0.66,8,4,261,2,2,1.9,2.91,Transient,1,0.439726702453752,False,Normal Thermal Pattern,10,0,0,4.906999999999999,High Local Thermal Density,Agricultural Burning
8.28809,80.29454,331.08,292.5,38.579999999999984,2.25,1.1786549963416462,0.66,8,4,261,1,1,2.25,2.25,Transient,1,0.3786292621265805,False,Normal Thermal Pattern,15,0,0,4.836,High Local Thermal Density,Agricultural Burning
8.38403,77.55009,342.51,299.7,42.81,8.4,2.2407096892759584,0.66,8,4,261,1,1,8.4,8.4,Transient,1,0.3643345589625113,False,Normal Thermal Pattern,1,0,0,7.94,Isolated Thermal Activity,Wildfire
8.58515,77.63615,339.62,298.02,41.60000000000002,8.53,2.254444717666111,0.66,8,4,261,1,1,8.53,8.53,Transient,1,0.3600516831770647,False,Normal Thermal Pattern,0,0,0,,Isolated Thermal Activity,Wildfire
8.76047,77.37704,341.5,301.22,40.27999999999997,4.35,1.6770965609079151,0.66,8,4,261,1,1,4.35,4.35,Transient,1,0.349346082240452,False,Normal Thermal Pattern,2,0,0,7.935,Isolated Thermal Activity,Agricultural Burning
8.81401,80.06055,330.45,293.85,36.599999999999966,3.11,1.413423028508143,0.66,8,4,261,3,1,3.3200000000000003,3.69,Transient,1,0.3757176073177989,False,Normal Thermal Pattern,4,0,0,4.54,Isolated Thermal Activity,Agricultural Burning
8.81444,80.06377,331.43,294.1,37.329999999999984,3.16,1.425515074273172,0.66,8,4,261,3,1,3.3200000000000003,3.69,Transient,1,0.3734085060190976,False,Normal Thermal Pattern,3,0,0,4.116666666666666,Isolated Thermal Activity,Agricultural Burning
8.81461,80.06068,331.98,293.83,38.150000000000034,3.69,1.5454325824581878,0.66,8,4,261,3,1,3.3200000000000003,3.69,Transient,1,0.3679072190367941,False,Normal Thermal Pattern,4,0,0,4.395,Isolated Thermal Activity,Agricultural Burning
8.82557,77.65616,333.05,299.61,33.44,3.29,1.4562867329399256,0.66,8,4,261,2,1,3.31,3.33,Transient,1,0.3573163974172594,False,Normal Thermal Pattern,5,0,0,8.538,High Local Thermal Density,Agricultural Burning
8.82665,77.65818,331.79,299.3,32.49000000000001,3.33,1.4655675420143983,0.66,8,4,261,2,1,3.31,3.33,Transient,1,0.3611488127484105,False,Normal Thermal Pattern,5,0,0,8.53,High Local Thermal Density,Agricultural Burning
8.82765,77.63779,335.89,299.78,36.110000000000014,7.16,2.0992441689760155,0.66,8,4,261,3,1,10.676666666666668,15.08,Transient,1,0.382093877513918,False,Normal Thermal Pattern,4,0,0,7.872499999999999,Isolated Thermal Activity,Agricultural Burning
8.82824,77.64222,341.96,300.37,41.589999999999975,9.79,2.378619779270043,0.66,8,4,261,3,1,10.676666666666668,15.08,Transient,1,0.3890344302199768,False,Normal Thermal Pattern,4,0,0,7.215,Isolated Thermal Activity,Wildfire
8.8286,77.63986,347.98,301.15,46.83000000000004,15.08,2.77757626375082,0.66,8,4,261,3,1,10.676666666666668,15.08,Transient,1,0.4234359649861168,False,Normal Thermal Pattern,4,0,0,5.8925,Isolated Thermal Activity,Wildfire
8.88433,77.7896,342.8,300.18,42.620000000000005,11.48,2.524127362941281,0.66,8,4,261,2,2,8.16,11.48,Transient,1,0.3962404126299492,False,Normal Thermal Pattern,3,0,0,6.093333333333334,Isolated Thermal Activity,Wildfire
8.88981,77.72916,353.93,299.23,54.69999999999999,7.95,2.191653532286764,0.66,8,4,261,1,1,7.95,7.95,Transient,1,0.4228632996440084,False,Normal Thermal Pattern,1,0,0,7.23,Isolated Thermal Activity,Agricultural Burning
8.97558,76.81163,335.36,292.59,42.77000000000004,3.86,1.5810384379124025,0.66,8,4,261,1,1,3.86,3.86,Transient,1,0.3534040601518982,False,Normal Thermal Pattern,0,0,0,,Isolated Thermal Activity,Agricultural Burning
9.08242,80.31558,344.6,292.7,51.900000000000034,5.9,1.9315214116032136,0.66,8,4,261,2,1,5.9,5.9,Transient,1,0.3810285702312017,False,Normal Thermal Pattern,6,0,0,5.295,High Local Thermal Density,Agricultural Burning
9.08777,80.31487,341.02,293.24,47.77999999999997,5.9,1.9315214116032136,0.66,8,4,261,2,1,5.9,5.9,Transient,1,0.360706271180131,False,Normal Thermal Pattern,7,0,0,4.864285714285714,High Local Thermal Density,Agricultural Burning
9.10295,80.3059,348.57,291.22,57.349999999999966,5.75,1.9095425048844383,0.66,8,4,261,1,1,5.75,5.75,Transient,1,0.401454228679013,False,Normal Thermal Pattern,9,0,0,4.822222222222221,High Local Thermal Density,Agricultural Burning
9.12303,80.29285,335.59,291.14,44.44999999999999,2.28,1.1878434223960523,0.66,8,4,261,1,1,2.28,2.28,Transient,1,0.3855449983701199,False,Normal Thermal Pattern,8,0,0,5.28875,High Local Thermal Density,Agricultural Burning
9.17755,77.85369,333.13,295.58,37.55000000000001,4.3,1.667706820558076,0.66,8,4,261,1,1,4.3,4.3,Transient,1,0.3484480959499174,False,Normal Thermal Pattern,0,0,0,,Isolated Thermal Activity,Agricultural Burning
9.28672,78.20463,344.62,304.71,39.910000000000025,26.8,3.3250360206965914,0.66,8,4,261,1,1,26.8,26.8,Transient,-1,0.5373504659328038,True,ML Anomaly,0,0,0,,Isolated Thermal Activity,Wildfire
9.30818,77.46856,331.66,297.35,34.31,4.97,1.786746927404511,0.66,8,4,261,1,1,4.97,4.97,Transient,1,0.3491233624531929,False,Normal Thermal Pattern,1,0,0,3.24,Isolated Thermal Activity,Agricultural Burning
9.60575,78.4659,352.21,295.18,57.02999999999997,8.27,2.226783379577764,0.66,8,4,261,1,1,8.27,8.27,Transient,1,0.4180614323661558,False,Normal Thermal Pattern,0,0,0,,Isolated Thermal Activity,Wildfire
9.6119,78.40235,349.11,301.61,47.5,22.97,3.176803048446293,0.66,8,4,261,1,1,22.97,22.97,Transient,1,0.509860365107472,False,Normal Thermal Pattern,0,0,0,,Isolated Thermal Activity,Wildfire
9.68896,77.82114,334.56,299.89,34.670000000000016,7.93,2.189416394888408,0.66,8,4,261,2,2,6.52,7.93,Transient,1,0.3772879352111632,False,Normal Thermal Pattern,1,0,0,5.11,Isolated Thermal Activity,Agricultural Burning
9.95901,79.10687,339.8,294.72,45.079999999999984,2.0,1.0986122886681098,0.66,8,4,261,1,1,2.0,2.0,Transient,1,0.3926094113462293,False,Normal Thermal Pattern,0,0,0,,Isolated Thermal Activity,Agricultural Burning
10.44981,79.58291,334.5,293.39,41.110000000000014,4.48,1.7011051009599245,0.66,8,4,261,1,1,4.48,4.48,Transient,1,0.3495535993172445,False,Normal Thermal Pattern,0,0,0,,Isolated Thermal Activity,Agricultural Burning
10.56491,79.17277,344.28,295.44,48.839999999999975,4.85,1.766441661243765,0.66,8,4,261,1,1,4.85,4.85,Transient,1,0.367122278400694,False,Normal Thermal Pattern,0,0,0,,Isolated Thermal Activity,Agricultural Burning
11.01922,79.29468,332.95,289.99,42.95999999999998,4.1,1.62924053973028,0.66,8,4,261,1,1,4.1,4.1,Transient,1,0.3599120101551797,False,Normal Thermal Pattern,1,0,0,2.95,Isolated Thermal Activity,Agricultural Burning
11.68966,79.06055,367.0,290.15,76.85000000000002,6.52,2.017566137961748,1.0,8,4,261,1,1,6.52,6.52,Transient,-1,0.5655082233786122,True,ML Anomaly,0,0,0,,Isolated Thermal Activity,Agricultural Burning
11.88698,79.25803,342.16,292.69,49.47000000000003,5.16,1.8180767775454283,0.66,8,4,261,1,1,5.16,5.16,Transient,1,0.3613604333632926,False,Normal Thermal Pattern,0,0,0,,Isolated Thermal Activity,Agricultural Burning
12.25466,79.15068,336.14,290.47,45.66999999999996,3.54,1.5129270120532563,0.66,8,4,261,1,1,3.54,3.54,Transient,1,0.3636967006028498,False,Normal Thermal Pattern,0,0,0,,Isolated Thermal Activity,Agricultural Burning
9.52283,78.82097,300.98,274.96,26.02000000000004,1.87,1.0543120297715298,0.66,19,4,261,1,1,1.87,1.87,Transient,1,0.5144740856335924,False,Normal Thermal Pattern,0,0,0,,Isolated Thermal Activity,Agricultural Burning
8.05586,80.08471,332.63,288.96,43.670000000000016,5.2,1.824549292051046,0.66,8,5,262,2,1,5.2,5.2,Transient,1,0.3636415811790046,False,Normal Thermal Pattern,5,0,0,5.02,High Local Thermal Density,Agricultural Burning
8.05652,80.08934,330.86,290.12,40.74000000000001,5.2,1.824549292051046,0.66,8,5,262,2,1,5.2,5.2,Transient,1,0.3587137136795296,False,Normal Thermal Pattern,5,0,0,5.02,High Local Thermal Density,Agricultural Burning
8.21635,77.71369,338.33,300.06,38.26999999999998,6.2,1.9740810260220096,0.66,8,5,262,1,1,6.2,6.2,Transient,1,0.3471596401958496,False,Normal Thermal Pattern,0,0,0,,Isolated Thermal Activity,Agricultural Burning
8.582,78.07313,336.65,293.58,43.06999999999999,3.5,1.5040773967762742,0.66,8,5,262,1,1,3.5,3.5,Transient,1,0.3535660569460202,False,Normal Thermal Pattern,3,0,0,3.5499999999999994,Isolated Thermal Activity,Agricultural Burning
10.20214,78.45383,334.59,299.49,35.099999999999966,2.95,1.3737155789130306,0.66,8,5,262,1,1,2.95,2.95,Transient,1,0.3543124820265392,False,Normal Thermal Pattern,0,0,0,,Isolated Thermal Activity,Agricultural Burning
12.08997,76.92316,336.06,299.73,36.329999999999984,4.54,1.7119945007591924,0.66,8,5,262,1,1,4.54,4.54,Transient,1,0.3442688403504702,False,Normal Thermal Pattern,0,0,0,,Isolated Thermal Activity,Agricultural Burning
12.09817,76.74437,337.49,302.48,35.00999999999999,4.94,1.7817091333745536,0.66,8,5,262,1,1,4.94,4.94,Transient,1,0.3453080445237518,False,Normal Thermal Pattern,0,0,0,,Isolated Thermal Activity,Agricultural Burning
12.41293,80.09139,330.22,296.5,33.72000000000003,2.55,1.2669476034873244,0.66,8,5,262,1,1,2.55,2.55,Transient,1,0.3668097601127438,False,Normal Thermal Pattern,0,0,0,,Isolated Thermal Activity,Agricultural Burning
12.56155,76.31815,337.61,293.05,44.56,4.41,1.6882490928583902,0.66,8,5,262,1,1,4.41,4.41,Transient,1,0.3537741082509425,False,Normal Thermal Pattern,0,0,0,,Isolated Thermal Activity,Agricultural Burning
12.58635,77.62064,342.69,300.18,42.50999999999999,6.64,2.033397603178429,0.66,8,5,262,1,1,6.64,6.64,Transient,1,0.3559616810396019,False,Normal Thermal Pattern,0,0,0,,Isolated Thermal Activity,Agricultural Burning
8.46473,80.40571,302.55,283.11,19.44,2.76,1.324418957401803,0.66,20,5,262,5,2,6.744,9.48,Recurring,-1,0.5701338923008238,True,ML Anomaly,7,4,0,6.3500000000000005,Recurring Local Activity,Agricultural Burning
9.13704,77.80103,332.18,297.15,35.03000000000003,7.18,2.101692150614656,0.33,7,6,263,1,1,7.18,7.18,Transient,1,0.4492787117306709,False,Normal Thermal Pattern,1,0,0,3.44,Isolated Thermal Activity,Agricultural Burning
9.32728,77.40293,334.27,297.87,36.39999999999998,9.11,2.31352503303238,0.66,7,6,263,1,1,9.11,9.11,Transient,1,0.379645411563386,False,Normal Thermal Pattern,3,0,0,2.066666666666667,Isolated Thermal Activity,Wildfire
8.69127,80.45773,350.58,295.19,55.38999999999999,12.2,2.580216829592325,0.66,7,0,264,2,1,8.459999999999999,12.2,Transient,1,0.4286647879803588,False,Normal Thermal Pattern,5,0,0,7.283999999999999,High Local Thermal Density,Industrial Fire
8.69526,80.45707,330.87,294.76,36.110000000000014,4.72,1.7439688053917064,0.66,7,0,264,2,1,8.459999999999999,12.2,Transient,1,0.3808384714693975,False,Normal Thermal Pattern,5,0,0,8.780000000000001,High Local Thermal Density,Agricultural Burning
13.34372,77.71157,336.99,293.54,43.44999999999999,5.53,1.87640694328834,0.66,7,0,264,2,1,7.775,10.02,Transient,1,0.3691203431863017,False,Normal Thermal Pattern,1,0,0,10.02,Isolated Thermal Activity,Agricultural Burning
13.3439,77.7095,336.95,294.03,42.920000000000016,10.02,2.3997118037247684,0.66,7,0,264,2,1,7.775,10.02,Transient,1,0.3850326629378086,False,Normal Thermal Pattern,1,0,0,5.53,Isolated Thermal Activity,Wildfire
8.66142,78.05058,337.36,287.77,49.59000000000003,3.93,1.5953389880545987,0.66,7,1,265,1,1,3.93,3.93,Transient,1,0.3824286064173008,False,Normal Thermal Pattern,4,0,0,2.9225000000000003,Isolated Thermal Activity,Agricultural Burning
8.67295,77.47455,337.27,286.31,50.95999999999998,14.12,2.716018370751387,0.66,7,1,265,2,1,14.12,14.12,Transient,1,0.4567097057984867,False,Normal Thermal Pattern,2,0,0,9.04,Isolated Thermal Activity,Wildfire
8.67955,77.47332,355.6,288.24,67.36000000000001,14.12,2.716018370751387,0.33,7,1,265,2,1,14.12,14.12,Transient,-1,0.5711880278591374,True,ML Anomaly,2,0,0,9.04,Isolated Thermal Activity,Wildfire
9.08463,80.3308,330.56,291.7,38.860000000000014,4.63,1.728109442151599,0.66,7,1,265,1,1,4.63,4.63,Transient,1,0.3639765949827288,False,Normal Thermal Pattern,4,0,0,6.785,Isolated Thermal Activity,Agricultural Burning
11.26746,80.00343,303.47,265.91,37.56,2.32,1.199964782928397,0.66,19,1,265,6,6,3.0966666666666662,7.53,Recurring,-1,0.6328710384391514,True,ML Anomaly,5,5,0,3.252,Recurring Local Activity,Agricultural Burning
12.7465,77.62124,308.43,277.04,31.389999999999983,1.41,0.8796267475025635,0.66,19,1,265,4,4,1.1,1.69,Transient,-1,0.5577967111967062,True,ML Anomaly,3,0,0,0.9966666666666666,Isolated Thermal Activity,Agricultural Burning
9.26444,77.48404,308.03,266.6,41.42999999999995,1.15,0.7654678421395714,0.66,19,1,265,2,1,1.415,1.68,Transient,-1,0.5471968918080672,True,ML Anomaly,4,0,0,3.2950000000000004,Isolated Thermal Activity,Agricultural Burning
9.26447,77.48221,307.25,266.74,40.50999999999999,1.68,0.9858167945227652,0.66,19,1,265,2,1,1.415,1.68,Transient,-1,0.5414710796860869,True,ML Anomaly,4,0,0,3.1625,Isolated Thermal Activity,Agricultural Burning
8.81421,77.98473,331.35,296.21,35.14000000000004,1.76,1.0152306797290584,0.66,8,2,266,1,1,1.76,1.76,Transient,1,0.3829520497282203,False,Normal Thermal Pattern,0,0,0,,Isolated Thermal Activity,Agricultural Burning
8.83951,77.94158,336.76,296.24,40.51999999999998,10.74,2.4630018143999504,0.66,8,2,266,2,1,10.74,10.74,Transient,1,0.3793143381077489,False,Normal Thermal Pattern,1,0,0,10.74,Isolated Thermal Activity,Wildfire
8.83991,77.94456,367.0,298.06,68.94,10.74,2.4630018143999504,1.0,8,2,266,2,1,10.74,10.74,Transient,-1,0.5680957474709997,True,ML Anomaly,1,0,0,10.74,Isolated Thermal Activity,Wildfire
8.91761,78.07673,367.0,295.45,71.55000000000001,4.49,1.7029282555214391,1.0,8,2,266,4,1,5.175,7.43,Transient,-1,0.568127883243995,True,ML Anomaly,3,0,0,5.403333333333333,Isolated Thermal Activity,Agricultural Burning
8.918,78.07979,332.21,294.37,37.839999999999975,4.49,1.7029282555214391,0.66,8,2,266,4,1,5.175,7.43,Transient,1,0.3775380933249441,False,Normal Thermal Pattern,3,0,0,5.403333333333333,Isolated Thermal Activity,Agricultural Burning
8.91941,78.07498,332.18,294.55,37.63,4.29,1.665818245870208,0.66,8,2,266,4,1,5.175,7.43,Transient,1,0.3804987085542056,False,Normal Thermal Pattern,3,0,0,5.47,Isolated Thermal Activity,Agricultural Burning
8.91982,78.07803,367.0,295.65,71.35000000000002,7.43,2.131796772013764,1.0,8,2,266,4,1,5.175,7.43,Transient,-1,0.5741665409123798,True,ML Anomaly,3,0,0,4.423333333333334,Isolated Thermal Activity,Agricultural Burning
9.0476,78.19106,331.03,288.67,42.35999999999996,1.45,0.8960880245566356,0.66,8,2,266,1,1,1.45,1.45,Transient,1,0.4055217638058577,False,Normal Thermal Pattern,0,0,0,,Isolated Thermal Activity,Agricultural Burning
